lat,lon,emergency,region
-18.484664,-70.303464,0,15
-18.482428,-70.313964,0,15
-18.481647,-70.312143,0,15
-18.477644,-70.320689,0,15
-18.444192,-70.292549,0,15
-18.458725,-70.29595,0,15
-18.45908,-70.28075,0,15
-18.437478,-70.290758,1,15
-18.483845,-70.282275,1,15
-18.197592,-69.557384,1,15
-18.49486,-70.31259,0,15
-18.43587,-70.28904,0,15
-20.2752,-70.098225,0,01
-20.25082,-70.129707,0,01
-20.215119,-70.152317,0,01
-20.213349,-70.150415,0,01
-20.226257,-70.134701,1,01
-20.20896,-70.14054,0,01
-20.208468,-70.150327,1,01
-20.236832,-70.136531,1,01
-20.258372,-69.785076,1,01
-20.490293,-69.32727,1,01
-20.27262,-70.1056,0,01
-20.24617,-70.09662,0,01
-20.246059,-70.096632,1,01
-20.250364,-70.128086,1,01
-20.287114,-70.10386,1,01
-19.995399,-69.768747,1,01
-19.312365,-69.426272,1,01
-19.276089,-68.636574,1,01
-19.924305,-69.511533,1,01
-20.702283,-70.187312,1,01
-19.469182,-68.644846,1,01
-20.272626,-70.105171,1,01
-23.664496,-70.401879,0,02
-23.64669,-70.39522,0,02
-23.64669,-70.39522,0,02
-23.646652,-70.395249,0,02
-23.615516,-70.382926,0,02
-23.571356,-70.395456,0,02
-22.457557,-68.93964,0,02
-23.597094,-70.380532,1,02
-23.615729,-70.382958,1,02
-36.80721623,-73.02300812,0,08
-23.62896,-70.380026,1,02
-23.69523,-70.41381,0,02
-23.694988,-70.413891,1,02
-23.667232,-70.403416,1,02
-23.581858,-70.381305,1,02
-23.54323,-70.38544,0,02
-22.47741,-68.92902,0,02
-22.45794,-68.93973,0,02
-22.45494,-68.94971,0,02
-22.454188,-68.939439,1,02
-23.650972,-70.385718,1,02
-22.341088,-69.664249,1,02
-22.910658,-68.199265,1,02
-38.7394559,-72.59858442,0,09
-38.60228064,-72.84143735,0,09
-37.79180038,-72.69416904,0,09
-22.65204,-68.16641,0,02
-22.442565,-68.927351,1,02
-23.335784,-69.845764,1,02
-22.890859,-69.320709,1,02
-23.591237,-67.890345,1,02
-22.47696,-68.9288,1,02
-27.46876,-70.26674,0,03
-27.365631,-70.332056,0,03
-27.07382,-70.80882,0,03
-27.073415,-70.824877,1,03
-27.383312,-70.335219,1,03
-27.414011,-70.271001,1,03
-27.468757,-70.266738,1,03
-26.253258,-69.622205,1,03
-28.50927,-71.074716,1,03
-28.578096,-70.744945,1,03
-28.590365,-70.758589,1,03
-27.368832,-70.312004,1,03
-28.758503,-70.487116,1,03
-30.695356,-70.957616,0,04
-29.907367,-71.246888,0,04
-29.90701,-71.250144,0,04
-29.883248,-71.24179,0,04
-29.962371,-71.255994,0,04
-29.992549,-71.321473,0,04
-30.590691,-71.182616,0,04
-31.635116,-71.17453,0,04
-29.94392,-71.26196,0,04
-29.932749,-71.258172,1,04
-29.88682,-71.2518,0,04
-29.878321,-71.244959,1,04
-29.87187,-71.23839,0,04
-29.916343,-71.218773,1,04
-29.9931,-71.32357,0,04
-29.975579,-71.325241,1,04
-29.950999,-71.34276,1,04
-29.962371,-71.255994,1,04
-30.025368,-70.517428,1,04
-30.696135,-70.958212,1,04
-30.833341,-71.255703,1,04
-31.400039,-71.458997,1,04
-30.396395,-70.87213,1,04
-29.905824,-71.249704,1,04
-29.507022,-71.249606,1,04
-30.65489,-71.47925,0,04
-30.61513,-71.40963,0,04
-30.579478,-71.201981,1,04
-30.59089,-71.18346,0,04
-30.590093,-71.192437,1,04
-29.88639,-71.22641,0,04
-29.881209,-71.224522,1,04
-30.6371,-71.28243,0,04
-30.598059,-71.195619,1,04
-30.5929,-71.20427,0,04
-29.970801,-71.336359,1,04
-30.636079,-71.116146,1,04
-29.868305,-71.229878,1,04
-29.995883,-71.336308,1,04
-30.628084,-71.218841,0,04
-36.60896517,-72.09618595,0,16
-39.83157682,-73.21741465,0,14
-41.4721822,-72.92398582,0,10
-40.57183691,-73.12430559,0,10
-30.610497,-71.116025,1,04
-29.955866,-71.245572,1,04
-33.045949,-71.618716,0,05
-33.044294,-71.621091,0,05
-33.044294,-71.621091,0,05
-33.044294,-71.621091,0,05
-33.044294,-71.621091,0,05
-33.043984,-71.624056,0,05
-33.045552,-71.583315,1,05
-33.061061,-71.592518,1,05
-33.112914,-71.566161,1,05
-33.049205,-71.616665,1,05
-33.048999,-71.631389,1,05
-33.042304,-71.645856,1,05
-33.03378,-71.6499,0,05
-33.601628,-71.614047,1,05
-33.546833,-71.598547,1,05
-33.52637,-71.59618,0,05
-33.365479,-71.668614,1,05
-33.43842,-71.68409,0,05
-33.397509,-71.694278,1,05
-33.397442,-71.694379,1,05
-33.61735,-71.6193,0,05
-33.609329,-71.601307,1,05
-33.57843,-71.61739,0,05
-33.567502,-71.606125,1,05
-33.64399,-71.612435,1,05
-33.456737,-71.663179,1,05
-33.456697,-71.663341,1,05
-33.640893,-78.831374,1,05
-33.104226,-71.667873,1,05
-33.029436,-71.540729,0,05
-33.025962,-71.562164,0,05
-33.003773,-71.26935,0,05
-33.001248,-71.26837,0,05
-32.920527,-71.516396,0,05
-32.88415,-71.23866,0,05
-32.787747,-71.205371,0,05
-33.04773,-71.564586,1,05
-33.020397,-71.515436,1,05
-33.014036,-71.502656,0,05
-33.00086,-71.50452,0,05
-32.99234,-71.52585,1,05
-32.928486,-71.515329,1,05
-33.059169,-71.408372,1,05
-33.05900094,-71.40800859,0,05
-32.872443,-71.249507,0,05
-32.859596,-71.233465,0,05
-32.742309,-71.484664,1,05
-32.938338,-71.277685,1,05
-32.79333,-71.21715,0,05
-32.78255,-71.19495,0,05
-32.775443,-71.188956,1,05
-32.73765,-71.21474,0,05
-32.69424,-71.19842,0,05
-33.033518,-71.482171,0,05
-33.05885,-71.53753,0,05
-33.046447,-71.539241,1,05
-33.057073,-71.376086,1,05
-32.35738,-71.07015,0,05
-32.993925,-71.486063,1,05
-33.03646,-71.44218,0,05
-33.054379,-71.466472,1,05
-32.751969,-70.724571,0,05
-32.833911,-70.59991,0,05
-32.758839,-70.725627,0,05
-32.85468,-70.4614,0,05
-32.75186,-70.59175,0,05
-32.69382,-70.92896,0,05
-32.778537,-70.961801,1,05
-32.69604,-70.73269,0,05
-32.67427,-70.75062,0,05
-32.65693,-70.70243,0,05
-32.90943,-70.30435,0,05
-32.839454,-70.603242,1,05
-32.837884,-70.613208,0,05
-32.82791,-70.59725,0,05
-32.88772,-70.59135,0,05
-32.861202,-70.628351,1,05
-32.79228,-70.62957,0,05
-32.750705,-70.657438,1,05
-32.738892,-70.726956,1,05
-32.699298,-70.75137,0,05
-32.759264,-70.725477,0,05
-33.429013,-70.655438,0,13
-33.42896,-70.655492,0,13
-33.414664,-70.654255,0,13
-33.402025,-70.641581,0,13
-33.372528,-70.636405,0,13
-33.369997,-70.682763,0,13
-33.365487,-70.745975,0,13
-33.285581,-70.88563,0,13
-33.195683,-70.676615,0,13
-33.086793,-70.924522,0,13
-33.40597,-70.67114,0,13
-33.387284,-70.649895,1,13
-33.38897,-70.671168,1,13
-33.3757,-70.6629,0,13
-33.410284,-70.631485,1,13
-33.373295,-70.636987,1,13
-33.36005,-70.68353,0,13
-33.39451,-70.65802,1,13
-33.38042,-70.66691,0,13
-33.39466,-70.68225,0,13
-33.375965,-70.684441,1,13
-33.206836,-70.677463,1,13
-33.30489,-70.85303,0,13
-33.285726,-70.876254,1,13
-33.241886,-70.814087,1,13
-33.22992,-70.81273,0,13
-33.365685,-70.746597,1,13
-33.36393,-70.75859,0,13
-33.37703,-70.72597,0,13
-33.367266,-70.731201,1,13
-33.184133,-70.653657,1,13
-33.135329,-70.795754,1,13
-33.41752,-70.668478,1,13
-33.35925,-70.74863,0,13
-33.354348,-70.738088,1,13
-33.386767,-70.641561,1,13
-33.36,-70.6834,1,13
-33.690264,-71.21851,0,13
-33.669635,-70.937712,0,13
-33.60276,-70.853214,0,13
-33.448174,-70.669444,0,13
-33.44813,-70.751639,0,13
-33.442437,-70.76465,0,13
-33.439516,-70.719801,0,13
-33.419064,-70.701943,0,13
-33.417214,-70.728726,0,13
-33.404958,-70.712564,0,13
-33.45557,-71.02872,0,13
-33.39079,-71.12384,0,13
-33.445429,-70.740969,1,13
-33.608746,-70.895925,1,13
-33.439204,-70.709532,1,13
-33.45001,-70.730382,1,13
-33.42256,-70.69483,1,13
-33.41863,-70.70879,0,13
-33.44401,-70.69621,0,13
-33.430472,-70.714164,1,13
-33.41817,-70.71496,0,13
-33.417692,-70.74122,1,13
-33.419555,-70.751003,1,13
-33.41629,-70.76792,0,13
-33.451978,-70.715985,1,13
-33.437066,-70.740457,1,13
-33.45005,-70.7462,0,13
-33.437182,-70.750685,1,13
-33.43313,-70.76133,0,13
-33.43044,-70.74109,0,13
-33.442413,-70.764867,1,13
-33.4028,-70.85444,0,13
-33.402798,-70.854393,1,13
-33.458104,-70.761149,1,13
-33.46392,-70.74841,0,13
-33.46168,-70.75021,0,13
-33.456985,-70.74293,1,13
-33.433509,-70.731486,1,13
-33.4035,-70.702362,1,13
-33.4150971,-70.6868816,0,13
-33.39774,-70.749863,1,13
-33.391219,-70.698838,1,13
-33.564063,-70.795882,1,13
-33.610078,-70.87153,1,13
-33.68636,-71.02232,0,13
-33.682045,-70.985912,1,13
-33.749042,-70.903306,1,13
-33.748954,-70.903463,1,13
-33.73582,-70.862,0,13
-33.72834,-70.98703,0,13
-33.681495,-71.225757,1,13
-33.67872,-71.20689,0,13
-33.700169,-71.217991,1,13
-33.76008,-71.32788,0,13
-33.517179,-71.124818,1,13
-33.89474,-71.45561,1,13
-33.67879,-70.95539,0,13
-33.669668,-70.937885,1,13
-33.663479,-70.929231,1,13
-33.662391,-70.916975,1,13
-34.032484,-71.100076,1,13
-34.03091,-71.21683,0,13
-33.67893,-71.23202,0,13
-33.502803,-70.769791,0,13
-33.493615,-70.708752,0,13
-33.46567,-70.69349,0,13
-33.455718,-70.652722,0,13
-33.447963,-70.632701,0,13
-33.455638,-70.652567,1,13
-33.472719,-70.692094,1,13
-33.5402,-70.77004,0,13
-33.53588,-70.77421,0,13
-33.504336,-70.758607,1,13
-33.493334,-70.719326,1,13
-33.47482,-70.71547,0,13
-33.473631,-70.706178,1,13
-33.501479,-70.733545,1,13
-33.477976,-70.689536,0,13
-33.513934,-70.79687,1,13
-33.49647,-70.76305,0,13
-33.48424,-70.771537,1,13
-33.47305,-70.72501,0,13
-33.493674,-70.736439,0,13
-33.5498,-70.79348,0,13
-33.438921,-70.672467,1,13
-33.478459,-70.594973,0,13
-33.471996,-70.593605,0,13
-33.468233,-70.555916,0,13
-33.46407,-70.62052,0,13
-33.456921,-70.533727,0,13
-33.446577,-70.61415,0,13
-33.43664,-70.624493,0,13
-33.417881,-70.593685,0,13
-33.38985,-70.555009,0,13
-33.351933,-70.510024,0,13
-33.44365,-70.62476,0,13
-33.443182,-70.597762,1,13
-33.43767,-70.60625,0,13
-33.417162,-70.532902,1,13
-33.36633,-70.50922,0,13
-33.3555,-70.50166,0,13
-33.351764,-70.509847,1,13
-33.3899067,-70.554986,1,13
-33.469329,-70.602479,1,13
-33.44031,-70.58001,0,13
-33.476164,-70.592841,1,13
-33.468245,-70.555657,1,13
-33.503774,-70.574054,1,13
-33.47927,-70.53354,0,13
-33.476945,-70.543306,1,13
-33.46059,-70.56223,0,13
-33.473978,-70.574093,1,13
-39.218092,-72.395243,0,09
-39.155473,-73.097214,0,09
-39.20536,-72.58409,0,09
-39.19671,-71.76048,0,09
-39.19627,-72.48432,0,09
-39.18122,-71.47427,0,09
-39.17687,-73.16415,1,09
-39.17362,-72.41938,0,09
-39.15532,-72.65981,0,09
-39.13833,-72.35359,0,09
-39.13018,-72.7505,0,09
-39.12668,-73.26709,0,09
-39.11739,-71.47434,0,09
-39.136696,-72.973187,0,09
-33.590145,-70.683325,0,13
-33.568335,-70.672247,0,13
-33.509211,-70.677547,0,13
-33.492859,-70.669761,0,13
-33.49184,-70.638206,0,13
-33.486194,-70.641339,0,13
-33.49815,-70.62411,0,13
-33.486624,-70.623535,1,13
-33.4861,-70.63252,0,13
-33.47838,-70.63665,0,13
-33.504957,-70.642698,1,13
-33.50374,-70.66271,0,13
-33.503567,-70.675846,1,13
-33.50027,-70.68552,0,13
-33.49891,-70.63273,0,13
-33.489687,-70.676158,1,13
-33.519708,-70.624091,1,13
-33.514798,-70.676271,1,13
-33.522311,-70.697161,1,13
-33.507512,-70.694361,1,13
-33.507337,-70.694295,1,13
-33.562694,-70.663764,0,13
-33.55933,-70.669491,1,13
-33.669569,-70.744021,0,13
-33.597298,-70.715066,1,13
-33.550691,-70.671985,1,13
-33.589493,-70.682814,1,13
-33.575737,-70.70347,1,13
-33.56323,-70.70594,0,13
-33.546191,-70.683983,1,13
-33.54616,-70.68416,0,13
-33.813271,-70.744895,1,13
-33.868535,-70.747995,1,13
-33.734885,-70.784598,1,13
-33.51265,-70.63664,0,13
-33.51077,-70.62374,0,13
-33.506319,-70.62454,1,13
-33.572174,-70.667283,1,13
-33.539064,-70.662494,1,13
-33.53306,-70.65177,0,13
-33.64893,-70.66279,0,13
-33.614112,-70.697762,1,13
-33.60213,-70.67051,0,13
-33.598813,-70.680145,1,13
-33.47999,-70.669113,1,13
-33.584763,-70.691983,1,13
-33.75109,-70.73556,0,13
-33.735249,-70.684161,1,13
-33.625946,-70.782415,1,13
-33.737859,-70.741169,1,13
-33.71179,-70.73953,0,13
-33.672074,-70.532282,0,13
-33.616061,-70.575382,0,13
-33.613765,-70.576098,0,13
-33.58881,-70.5796,0,13
-33.583283,-70.634079,0,13
-33.577251,-70.581781,0,13
-33.553972,-70.575392,0,13
-33.549614,-70.645854,0,13
-38.84198,-72.75416,0,09
-38.880975,-72.129129,0,09
-38.83727,-72.88934,0,09
-38.82695,-72.62065,0,09
-38.82613,-73.30706,0,09
-38.82481,-72.54394,0,09
-38.823771,-72.94892,0,09
-38.81402,-71.28119,0,09
-38.81514,-72.81445,0,09
-38.813892,-73.135271,0,09
-38.80452,-73.35526,0,09
-38.79929,-73.39262,1,09
-38.801773,-73.295135,0,09
-38.78359,-72.2636,0,09
-33.538159,-70.61477,0,13
-33.536665,-70.640814,0,13
-33.64097,-70.351681,0,13
-33.607158,-70.578452,1,13
-33.512075,-70.578137,1,13
-33.5353,-70.55749,0,13
-33.531441,-70.604288,1,13
-33.560616,-70.605789,1,13
-33.54581,-70.61317,0,13
-33.53809,-70.61461,0,13
-33.537049,-70.633284,1,13
-33.545766,-70.644722,1,13
-33.57965,-70.63945,1,13
-33.576474,-70.650211,1,13
-33.635077,-70.572477,1,13
-33.588831,-70.618785,1,13
-33.623509,-70.588615,1,13
-33.537991,-70.640711,1,13
-33.519808,-70.642705,0,13
-33.560171,-70.578325,1,13
-33.556797,-70.616538,1,13
-33.563873,-70.647535,1,13
-33.584117,-70.604067,1,13
-33.627857,-70.616197,1,13
-33.584146,-70.556186,1,13
-33.543587,-70.592865,1,13
-33.55162,-70.629382,1,13
-33.626314,-70.625363,1,13
-33.551808,-70.640914,1,13
-33.547094,-70.608477,1,13
-33.514807,-70.585529,1,13
-33.557172,-70.581816,1,13
-34.640304,-71.370021,0,06
-34.164339,-70.740845,0,06
-34.164339,-70.740845,0,06
-34.16297,-70.723565,1,06
-34.223273,-70.961128,0,06
-34.170292,-70.735259,0,06
-34.164489,-70.741937,0,06
-34.067459,-70.731999,0,06
-34.166829,-70.764251,1,06
-34.15525,-70.75267,0,06
-34.19501,-70.74219,0,06
-34.178681,-70.739747,1,06
-34.174229,-70.711797,1,06
-34.154584,-70.737301,1,06
-34.12993,-70.73673,0,06
-34.18017,-70.651414,1,06
-34.1796,-70.68794,0,06
-33.978317,-70.708128,1,06
-34.12028,-70.68419,0,06
-34.039108,-70.667039,1,06
-34.223273,-70.961128,1,06
-34.287581,-71.08382,1,06
-34.26504,-71.02582,0,06
-34.287958,-70.817122,1,06
-34.27673,-70.80946,0,06
-34.290557,-71.307186,1,06
-34.35577,-71.0163,0,06
-34.35223519,-70.96485165,1,06
-34.477982,-71.477109,1,06
-34.208966,-71.653054,1,06
-34.733507,-71.268165,1,06
-34.642803,-71.898699,1,06
-34.574329,-70.991749,1,06
-34.57412,-71.00103,0,06
-34.54288,-70.97026,0,06
-34.639175,-71.117002,1,06
-34.634649,-71.368656,1,06
-34.626329,-71.352848,0,06
-33.953718,-71.830284,1,06
-34.348629,-70.837337,1,06
-34.596419,-70.970892,1,06
-34.14935,-70.709235,1,06
-34.441445,-70.944302,1,06
-34.212979,-70.814625,1,06
-34.394698,-70.851097,1,06
-34.203288,-70.756844,1,06
-34.305412,-71.271083,1,06
-34.439959,-70.992248,1,06
-35.841327,-71.59729,0,07
-35.43577,-71.67828,0,07
-35.428983,-71.665322,0,07
-35.428967,-71.667059,0,07
-35.428962,-71.667136,0,07
-35.425998,-71.663027,0,07
-35.331011,-72.408705,0,07
-34.981182,-71.245271,0,07
-34.998104,-71.248924,1,07
-34.977179,-71.264039,1,07
-34.99598,-71.25466,0,07
-34.976651,-71.237891,1,07
-35.055843,-71.274091,1,07
-35.44113,-71.66165,0,07
-35.41779,-71.64283,0,07
-35.412085,-71.654915,1,07
-35.435409,-71.678244,1,07
-35.447479,-71.654579,1,07
-35.85155,-71.604769,1,07
-35.851282,-71.590054,1,07
-35.84058,-71.58263,0,07
-35.686114,-71.735372,1,07
-35.62251,-71.74718,0,07
-36.14776,-71.81516,0,07
-36.143449,-71.832433,1,07
-36.13326,-71.82061,0,07
-35.40977,-71.75961,0,07
-35.397854,-71.798241,1,07
-35.542464,-71.485194,0,07
-35.53597,-71.491996,1,07
-35.52001,-71.51601,0,07
-35.493629,-71.527476,0,07
-35.524906,-71.672173,1,07
-35.4596,-71.6633,0,07
-35.382956,-71.446452,1,07
-36.14002,-71.72276,0,07
-35.28283,-71.255588,1,07
-35.697141,-71.402967,1,07
-35.75062,-71.588084,1,07
-35.760574,-71.418192,1,07
-36.01465,-71.65108,0,07
-35.965065,-71.685884,1,07
-35.96211,-71.68932,0,07
-36.21106,-71.60496,0,07
-36.051427,-71.760991,1,07
-35.846509,-72.635572,1,07
-35.81126,-72.57287,0,07
-35.834679,-71.596092,1,07
-35.306356,-71.517781,1,07
-35.095915,-71.614724,1,07
-34.878802,-71.994221,1,07
-34.95981,-71.127052,1,07
-35.964271,-72.317408,1,07
-35.95794,-72.29983,0,07
-34.94485,-71.20368,0,07
-34.937184,-71.19523,1,07
-35.44597,-71.63614,0,07
-35.439942,-71.63321,1,07
-35.34023,-72.42305,0,07
-34.923461,-71.317285,1,07
-35.590225,-72.281722,1,07
-34.822251,-71.020763,1,07
-35.06974,-71.155069,1,07
-35.404259,-71.647586,1,07
-35.9621,-72.33618,0,07
-35.59911,-71.74411,0,07
-35.089365,-71.656547,1,07
-34.934421,-72.18039,1,07
-35.641248,-71.262043,1,07
-35.212861,-72.284449,1,07
-35.451167,-72.277477,1,07
-35.829975,-71.589966,1,07
-35.574794,-71.67211156,1,07
-35.472053,-71.557428,1,07
-35.818345,-70.820292,1,07
-35.336625,-72.416548,1,07
-36.616489,-72.100623,0,16
-36.605055,-72.103449,0,16
-36.609007,-72.089845,1,16
-36.59729,-72.10102,0,16
-36.62871,-72.09164,0,16
-36.62499,-72.1019,0,16
-35.33936091,-72.40270266,0,07
-36.60285318,-72.12171668,1,16
-36.618385,-72.118026,1,16
-36.61336,-72.13223,0,16
-36.529724,-72.428872,1,16
-36.83427,-72.43146,0,16
-36.741424,-72.46883,1,16
-36.132808,-72.793238,1,16
-36.798538,-72.032209,1,16
-36.554259,-71.553989,1,16
-36.978088,-72.090602,1,16
-36.46276,-71.73294,0,16
-36.41841,-71.969248,1,16
-36.418337,-71.969584,0,16
-36.499022,-72.212254,1,16
-36.36604,-71.77114,0,16
-36.282974,-71.813887,1,16
-36.392602,-72.399393,1,16
-36.604107,-72.536427,1,16
-36.704575,-71.893164,1,16
-36.62545361,-71.82811391,1,16
-36.843283,-72.102638,1,16
-36.617897,-72.080762,1,16
-36.828547,-72.33321,1,16
-36.78792,-72.21127,0,16
-36.430229,-72.671242,1,16
-36.628726,-72.12819,1,16
-36.422433,-71.951189,0,16
-36.630177,-72.10684,1,16
-36.82992,-73.055291,0,08
-37.028009,-73.146267,0,08
-37.089622,-73.162299,0,08
-36.89698,-72.80549,0,08
-36.839997,-73.140134,1,08
-36.826999,-73.139036,0,08
-36.85778,-72.87875,0,08
-36.828554,-73.056186,1,08
-36.816576,-73.032147,1,08
-36.810113,-73.054296,1,08
-36.92623,-73.029039,1,08
-36.925655,-73.02921,1,08
-36.84303,-73.14443,0,08
-36.835384,-73.120424,1,08
-36.835298,-73.120431,1,08
-36.809987,-73.073504,1,08
-36.828418,-73.066865,1,08
-37.48269483,-72.32520175,0,08
-37.04335,-73.51253,0,08
-36.989899,-73.16022,1,08
-36.97859,-73.15897,0,08
-36.96147,-73.14817,0,08
-37.01224,-73.15018,1,08
-37.009706,-73.162508,0,08
-36.954675,-73.012869,1,08
-37.1124,-73.14659,0,08
-36.792366,-73.044103,1,08
-36.887028,-73.134237,1,08
-37.080633,-73.157485,1,08
-36.973597,-72.937166,1,08
-36.96665,-72.92817,0,08
-36.798984,-73.090596,0,08
-36.740101,-73.108694,0,08
-36.711366,-73.138306,0,08
-36.79143,-73.10708,0,08
-36.785661,-73.079504,0,08
-36.782799,-73.103731,1,08
-36.782795,-73.103579,1,08
-36.73489,-73.11346,0,08
-36.723746,-73.122883,1,08
-36.743908,-73.088275,1,08
-36.77786,-73.02184,0,08
-36.74369,-73.00491,0,08
-36.742785,-72.990349,1,08
-36.70457,-72.97238,0,08
-36.61681,-72.93897,0,08
-36.60963,-72.94563,0,08
-36.600646,-72.960892,1,08
-36.67201,-72.95961,0,08
-36.634534,-72.9516,1,08
-36.77875,-73.09858,0,08
-36.77836,-73.09221,0,08
-36.75066,-73.101695,1,08
-36.72302,-73.14301,0,08
-36.71047,-73.14526,0,08
-36.80201,-73.08081,0,08
-36.799,-73.10408,0,08
-36.798678,-73.096805,1,08
-36.79326,-73.09048,0,08
-36.791847,-73.114063,1,08
-36.549329,-72.939859,1,08
-36.806078,-73.079958,0,08
-37.66872,-72.02182,0,08
-37.668147,-72.016676,0,08
-37.476664,-72.346724,0,08
-37.241394,-71.942461,0,08
-37.096133,-72.557791,0,08
-37.73164,-72.23651,0,08
-37.28154,-72.69649,0,08
-37.46281,-72.34229,0,08
-37.457169,-72.342783,1,08
-37.710953,-72.234346,0,08
-37.465835,-72.581752,1,08
-37.49746,-72.68343,0,08
-37.33143,-71.671956,1,08
-37.50642,-72.66059,0,08
-37.086161,-72.436029,1,08
-37.037929,-72.398901,1,08
-37.03519,-72.41365,0,08
-37.469444,-71.981389,1,08
-37.585352,-72.533476,1,08
-37.262497,-72.726798,1,08
-37.477078,-72.364973,1,08
-37.46877,-72.36601,0,08
-37.46769,-72.37513,0,08
-37.46393,-72.361555,1,08
-37.49042,-72.32835,0,08
-37.48667,-72.34337,0,08
-37.485509,-72.339515,1,08
-37.48507,-72.21816,0,08
-37.880521,-71.637247,1,08
-37.144591,-72.5387,1,08
-37.401944,-72.00975,1,08
-37.467482,-72.383515,1,08
-37.684828,-72.006609,1,08
-37.293458,-71.948428,1,08
-37.491898,-72.327766,1,08
-38.743153,-72.591526,0,09
-38.743153,-72.591526,0,09
-38.743153,-72.591526,0,09
-38.732415,-72.590758,0,09
-38.68633,-72.00333,0,09
-38.753426,-72.616652,0,09
-38.741,-72.57906,0,09
-38.735316,-72.581809,1,09
-38.96083,-72.62885,0,09
-38.953584,-72.62818,1,09
-38.726446,-72.610611,1,09
-38.70918,-72.63378,0,09
-38.734619,-72.572467,1,09
-38.756391,-72.623384,1,09
-38.74812,-72.60681,0,09
-38.761205,-72.593334,1,09
-38.717965,-72.562083,1,09
-38.854976,-71.698239,1,09
-38.996394,-73.088849,1,09
-38.987383,-72.92221,0,09
-39.366187,-71.582775,1,09
-38.418376,-72.372275,1,09
-38.986443,-72.247318,1,09
-38.94465,-72.03505,0,09
-18.47949882,-70.32074249,0,15
-38.607082,-72.842593,1,09
-38.71546,-73.16711,0,09
-38.629209,-73.314,1,09
-39.294342,-72.220164,1,09
-39.28339,-72.30788,0,09
-39.28209,-72.23316,0,09
-38.744676,-72.954597,1,09
-38.73677,-72.94605,0,09
-38.63387,-72.4538,0,09
-38.53745,-72.4275,0,09
-38.51699,-72.43071,0,09
-38.713795,-72.619907,1,09
-38.71071,-72.6267,0,09
-39.489177,-72.154832,1,09
-39.088881,-73.179853,1,09
-38.762764,-72.753469,1,09
-38.983066,-72.634758,1,09
-38.98022,-72.64551,0,09
-39.30309,-72.225823,1,09
-39.294536,-72.237385,0,09
-39.28244,-71.94065,0,09
-39.280151,-71.960497,1,09
-39.23682,-72.67628,1,09
-38.869955,-72.396656,1,09
-38.774226,-72.59746,1,09
-38.762452,-72.600266,0,09
-38.743153,-72.591526,0,09
-38.723686,-72.564872,0,09
-38.726243,-72.561707,0,09
-41.8668956,-73.81399361,0,10
-39.8255186,-73.2375699,0,14
-39.814252,-73.223581,0,14
-39.813792,-73.240135,0,14
-39.813792,-73.240135,0,14
-39.813792,-73.240135,0,14
-39.84906,-73.25447,0,14
-39.84521,-73.22763,0,14
-39.825987,-73.24452,1,14
-39.821573,-73.24729,0,14
-39.814769,-73.224657,1,14
-39.80644,-73.22083,0,14
-39.98343,-73.13797,0,14
-39.832647,-73.216021,1,14
-39.804533,-73.208579,0,14
-39.82917,-73.20536,0,14
-39.441071,-73.212933,1,14
-39.538884,-72.971888,1,14
-39.53638,-72.94973,0,14
-39.44358,-73.20904,0,14
-39.556304,-73.25569,0,14
-39.643617,-72.336993,1,14
-40.05615,-72.5434,0,14
-40.125493,-72.382859,1,14
-40.322263,-72.213426,0,14
-40.32203,-72.471707,1,14
-39.665761,-72.953038,1,14
-39.6619,-72.95072,0,14
-39.74693,-71.85428,0,14
-39.568322,-72.341102,1,14
-39.568231,-72.008145,1,14
-39.74693,-71.85428,1,14
-39.850159,-71.940779,1,14
-39.85015,-71.94059,0,14
-39.647102,-72.341331,1,14
-40.3045363,-73.0625941,1,14
-40.305676,-73.073969,0,14
-40.28008,-73.08015,0,14
-39.54078,-72.50785,1,14
-40.335314,-72.949943,1,14
-39.873346,-73.395177,1,14
-39.85377,-73.2293,0,14
-39.849958,-73.223185,1,14
-40.071998,-73.080761,1,14
-39.87065,-72.66741,0,14
-39.86846,-72.80482,0,14
-40.588216,-73.127054,0,10
-40.580518,-73.132034,0,10
-40.575984,-73.129556,0,10
-40.573718,-73.153654,0,10
-40.571021,-73.135768,0,10
-40.570674,-73.125217,0,10
-40.572862,-73.15809,1,10
-40.58204,-73.11421,0,10
-40.572135,-73.125175,1,10
-40.591723,-73.169948,1,10
-40.58792,-73.18242,0,10
-40.76724,-72.44009,0,10
-40.684258,-72.602616,1,10
-40.406617,-73.007752,1,10
-40.954439,-73.161536,0,10
-40.91027,-73.17209,0,10
-40.82118,-73.3362,0,10
-40.5867,-73.73336,1,10
-40.605089,-73.468176,1,10
-41.480555,-72.956342,0,10
-41.472063,-72.935884,0,10
-41.472063,-72.935884,0,10
-41.47106,-72.951753,0,10
-41.462193,-72.931243,0,10
-41.484233,-72.976191,0,10
-41.473429,-72.954365,1,10
-41.461069,-72.929357,1,10
-41.45709,-72.92999,0,10
-41.468721,-72.916311,1,10
-41.741205,-73.701566,1,10
-41.398615,-73.459672,1,10
-41.329068,-72.969229,1,10
-41.129588,-73.059637,1,10
-41.1118,-73.05492,0,10
-41.474835,-72.984859,1,10
-41.46187,-72.99606,0,10
-41.397673,-72.903457,1,10
-41.38398,-72.91582,0,10
-41.761311,-73.155666,0,10
-41.664237,-72.295777,1,10
-42.31861,-72.78786,0,10
-45.578087,-72.055291,0,11
-45.567569,-72.073585,0,11
-45.567569,-72.073585,0,11
-45.567569,-72.073585,0,11
-45.461686,-72.816539,0,11
-45.41131,-72.69291,0,11
-45.4059159,-72.6973216,0,11
-45.579991,-72.046529,1,11
-45.57408,-72.07655,0,11
-53.178248,-70.922132,0,12
-53.165562,-70.908047,0,12
-53.141867,-70.912506,1,12
-53.12652,-70.91809,0,12
-53.18041,-70.95141,0,12
-53.174898,-70.938015,1,12
-53.165297,-70.930831,1,12
-53.05755,-70.85788,0,12
-37.60882,-73.657435,0,08
-37.60882,-73.657435,0,08
-37.60882,-73.657435,0,08
-37.60882,-73.657435,0,08
-37.47372,-73.344278,0,08
-37.60976,-73.660079,0,08
-37.802701,-73.400388,0,08
-37.250717,-73.317625,0,08
-38.340658,-73.493822,1,08
-38.247626,-73.484212,0,08
-37.480796,-73.333769,1,08
-37.625578,-73.461324,1,08
-37.61349,-73.41248,0,08
-37.167308,-73.187481,1,08
-37.256374,-73.241926,1,08
-37.231387,-73.440116,1,08
-38.01005,-73.02755,0,09
-37.94851,-72.446,0,09
-37.800327,-72.697922,0,09
-37.800327,-72.697922,0,09
-37.793776,-72.704582,0,09
-38.18871,-72.99005,0,09
-37.73292654,-72.61598223,0,09
-37.818657,-72.673105,1,09
-38.13468,-72.31926,0,09
-37.808995,-72.692728,1,09
-37.79821,-72.72289,0,09
-38.235162,-72.329964,1,09
-38.22283,-72.32307,0,09
-42.480422,-73.765145,0,10
-42.480422,-73.765145,0,10
-42.299393,-73.127329,0,10
-42.145307,-73.478935,1,10
-42.67532,-73.89807,0,10
-42.622752,-73.777951,1,10
-42.598831,-73.676567,1,10
-42.43967,-73.600279,1,10
-42.52041,-73.62747,0,10
-42.480916,-73.781801,0,10
-42.46459,-73.77779,0,10
-42.43555,-73.76907,0,10
-42.14442,-73.71907,0,10
-41.87671,-73.82486,0,10
-41.85771,-73.95631,0,10
-43.11766,-73.60235,0,10
-43.1176,-73.63138,0,10
-43.111504,-73.618482,0,10
-41.828651,-73.52584,1,10
-42.460482,-73.792562,1,10
-20.21915098,-70.13418563,0,01
-23.65852802,-70.39529048,0,02
-22.46041846,-68.94785195,0,02
-27.37336445,-70.32954408,0,03
-28.57191299,-70.76676762,0,03
-29.9081202,-71.2334334,0,04
-31.64204596,-71.19004312,0,04
-30.58018109,-71.19065652,0,04
-33.05237474,-71.60832992,0,05
-32.8793075,-71.25725769,0,05
-33.61200969,-71.6169931,0,05
-32.75846184,-70.72449439,0,05
-34.18669352,-70.7479231,0,06
-34.57489746,-70.99149585,0,06
-34.63475919,-71.3566718,0,06
-35.42810723,-71.64679213,0,07
-36.14122976,-71.81408643,0,07
-34.99671605,-71.23243881,0,07
-35.9621875,-72.32540013,0,07
-35.84144958,-71.57386462,0,07
-45.571887,-72.0719629,0,11
-45.4066419,-72.69655714,0,11
-53.15501739,-70.8973507,0,12
-51.73867438,-72.49056868,0,12
-33.69658223,-71.22452128,0,13
-33.41906421,-70.65060652,0,13
-33.976637,-71.468749,0,13
-54.93521,-67.60039,1,12
-54.934374,-67.608895,1,12
-53.64055,-69.64585,0,12
-53.40424,-70.99016,0,12
-53.29816,-70.35838,1,12
-37.468505,-72.340387,0,08
-53.17495,-70.93796,0,12
-53.168237,-70.922324,0,12
-53.168016,-70.91972,0,12
-53.167827,-70.920882,0,12
-53.165562,-70.908047,0,12
-53.165562,-70.908047,0,12
-53.16522,-70.93107,0,12
-53.164875,-70.910293,0,12
-53.164726,-70.91057,0,12
-53.16293,-70.923197,0,12
-53.162831,-70.905418,0,12
-53.161713,-70.900754,0,12
-53.161592,-70.90533,0,12
-53.161227,-70.911645,0,12
-53.160682,-70.908544,0,12
-53.158399,-70.896966,0,12
-53.155788,-70.903864,0,12
-53.15522,-70.93044,0,12
-53.155217,-70.93044,1,12
-53.154624,-70.901345,0,12
-53.1496593,-70.8971862,1,12
-53.14821,-70.88754,0,12
-53.143158,-70.881773,0,12
-53.14212,-70.91263,0,12
-33.605288,-70.570507,0,13
-53.137931,-70.887143,0,12
-53.137303,-70.887283,1,12
-53.136785,-70.884704,0,12
-53.129674,-70.877252,0,12
-53.12215,-70.896232,1,12
-52.65109,-71.46342,0,12
-52.42827,-71.41302,0,12
-52.31638,-69.68958,0,12
-51.731515,-72.499538,0,12
-51.7286649,-72.4809825,1,12
-51.72835,-72.48268,0,12
-51.728207,-72.482647,1,12
-51.726161,-72.501522,0,12
-51.725382,-72.507691,0,12
-51.60621,-72.33238,0,12
-51.604699,-72.333088,0,12
-51.25538,-72.34362,0,12
-49.12549,-74.41271,0,12
-48.469779,-72.560767,0,11
-47.79589,-73.5323,0,11
-47.25557,-72.57073,1,11
-47.01695,-72.82942,0,11
-46.84436,-72.70212,0,11
-46.72719,-72.46432,0,11
-46.62364,-72.67736,0,11
-46.59205,-72.57875,0,11
-46.54166,-71.7251,1,11
-46.458216,-72.673995,0,11
-46.29201,-71.93383,0,11
-46.12091,-72.1607,0,11
-45.90909,-71.69802,0,11
-45.81443,-71.91623,0,11
-45.71442,-72.08107,0,11
-45.66848,-72.21204,0,11
-45.58272,-72.06043,0,11
-45.580609,-72.073614,0,11
-45.57986,-72.04638,0,11
-45.573014,-72.06877,0,11
-45.573005,-72.068789,0,11
-45.57109,-72.064617,0,11
-45.571075,-72.064675,0,11
-45.570648,-72.066873,0,11
-45.569792,-72.063939,0,11
-45.568717,-72.0674,0,11
-45.568399,-72.073423,1,11
-45.567569,-72.073585,0,11
-45.567569,-72.073585,0,11
-45.565254,-72.06796,0,11
-45.564525,-72.074413,0,11
-45.461797,-72.818164,0,11
-45.408518,-72.683815,1,11
-45.407546,-72.684468,0,11
-45.405278,-72.702222,0,11
-45.37192,-71.99313,0,11
-45.26776,-71.71719,0,11
-45.17201,-72.14587,0,11
-45.16343,-73.52313,0,11
-45.15335,-73.51016,0,11
-45.14893,-71.87475,0,11
-44.74812,-72.21031,0,11
-44.72603,-72.68078,1,11
-44.6443,-71.67117,0,11
-44.32358,-72.5573,0,11
-44.25715,-73.208813,0,11
-44.24014,-71.8513,0,11
-44.10994,-73.11775,0,11
-43.97125,-72.40613,0,11
-43.896661,-73.745897,0,11
-43.773497,-72.954818,0,11
-43.61861,-72.00663,0,10
-43.61765,-71.80821,1,10
-43.481403,-72.128405,0,10
-43.41555,-72.36728,0,10
-43.36262,-74.12243,0,10
-43.3231,-72.00914,0,10
-43.24874,-73.6953,0,10
-43.219119,-73.619778,0,10
-43.189104,-73.692227,0,10
-43.18339,-71.86907,1,10
-43.150328,-73.551745,0,10
-43.119468,-73.614694,0,10
-43.118851,-73.614706,0,10
-43.11839,-73.61438,0,10
-43.118366,-73.617134,0,10
-43.117229,-73.620351,0,10
-43.1099649,-73.6197239,1,10
-43.11444,-73.61254,0,10
-43.11152,-73.7089,0,10
-43.09361,-72.02093,0,10
-43.06352,-73.56214,0,10
-43.04116,-73.46106,0,10
-43.039279,-73.640811,0,10
-43.03516,-73.56828,0,10
-43.028841,-73.539411,0,10
-42.98198,-73.4666,0,10
-42.97182,-73.58271,0,10
-42.943622,-73.528561,0,10
-42.92723,-73.58581,0,10
-42.92164,-73.68547,0,10
-42.91862,-72.71026,0,10
-42.883399,-73.473613,1,10
-42.877799,-73.698668,0,10
-42.85865,-73.66488,0,10
-42.84144,-73.74953,0,10
-42.83526,-73.60461,0,10
-42.834244,-73.618558,0,10
-42.81525,-73.54212,0,10
-42.77188,-73.60496,0,10
-42.76111,-73.78861,0,10
-42.745111,-72.831228,0,10
-42.74491,-72.96194,0,10
-42.71918,-73.66289,0,10
-42.71586,-73.07577,0,10
-42.68489,-73.55596,0,10
-42.6512,-73.60856,0,10
-42.636638,-74.108388,0,10
-42.633906,-73.267579,0,10
-42.63047,-73.04044,0,10
-42.626615,-73.296979,0,10
-42.62453,-73.7675,0,10
-42.622737,-73.918767,0,10
-42.61617,-73.71893,0,10
-42.61354,-73.49468,0,10
-42.60277,-74.120282,0,10
-42.60089,-73.29903,0,10
-42.5988,-73.6765,0,10
-42.5976,-73.21151,0,10
-42.59437,-73.86074,0,10
-42.58519,-73.51912,0,10
-42.58297,-73.61163,0,10
-42.56428,-72.82447,0,10
-42.54984,-73.68143,0,10
-42.54645,-73.79598,0,10
-42.53985,-73.42386,0,10
-42.52989,-73.84049,0,10
-42.52119,-72.81197,0,10
-42.51786,-73.75289,0,10
-42.5098,-73.2662,0,10
-42.50873,-73.72288,0,10
-42.481583,-73.76844,0,10
-42.48154,-73.761748,0,10
-42.481138,-73.762143,0,10
-42.481075,-73.761736,0,10
-42.481073,-73.761779,0,10
-42.480623,-73.768543,0,10
-42.480422,-73.765145,0,10
-42.480422,-73.765145,0,10
-42.480412,-73.76217,0,10
-42.477619,-73.765054,0,10
-42.477497,-73.768092,0,10
-42.477043,-73.76933,1,10
-42.47437,-73.77202,0,10
-42.46956,-73.4946,1,10
-42.46066,-73.79259,0,10
-42.458186,-73.331314,0,10
-42.43967,-73.60028,0,10
-42.432643,-73.45283,0,10
-42.416416,-73.299654,0,10
-42.40884,-73.52866,0,10
-42.40386,-73.7741,0,10
-42.40249,-73.56671,0,10
-42.40182,-72.71769,0,10
-42.3883,-73.43407,0,10
-42.38676,-73.13622,0,10
-42.37922,-73.65206,0,10
-42.35281,-73.70994,0,10
-42.31899,-73.5562,0,10
-42.32826,-73.4599,0,10
-42.31577,-73.3866,0,10
-42.315142,-73.26871,0,10
-42.301222,-73.218194,0,10
-42.27252,-73.5208,0,10
-42.26747,-73.35307,0,10
-42.25959,-73.42806,0,10
-42.25369,-73.70632,0,10
-42.24919,-72.73722,0,10
-42.16837,-73.39694,0,10
-42.1372908,-73.47450366,0,10
-42.126726,-73.389938,0,10
-42.076207,-71.864474,0,10
-42.03023,-73.47273,0,10
-42.02493,-73.90644,0,10
-42.02333,-72.68656,0,10
-41.973619,-72.799798,0,10
-41.96799,-73.55729,0,10
-41.96271,-72.4689,0,10
-41.92205,-72.84755,0,10
-41.90305,-73.10675,0,10
-41.88341,-73.52349,0,10
-41.87915,-73.79683,0,10
-41.87726,-72.90345,0,10
-41.87667,-72.80968,0,10
-41.871571,-71.938716,0,10
-41.870191,-73.807939,0,10
-41.869578,-73.825343,0,10
-41.868452,-73.827065,0,10
-41.868416,-73.825854,0,10
-41.86839,-73.825837,0,10
-41.8668,-73.81661,0,10
-41.866796,-73.816608,1,10
-41.86523,-73.823832,1,10
-41.864178,-73.827893,0,10
-41.863985,-73.827889,0,10
-41.85727,-72.99501,0,10
-41.82633,-73.62745,0,10
-41.821503,-74.035007,0,10
-41.82074,-73.92855,0,10
-41.81862,-73.07502,0,10
-41.80955,-73.0475,0,10
-41.80106,-72.72146,0,10
-41.79575,-73.35745,0,10
-41.79082,-73.46029,0,10
-41.77628,-73.06639,0,10
-41.77436,-73.28952,0,10
-41.775149,-73.23275,0,10
-41.76982,-73.13317,1,10
-41.7697,-73.12936,0,10
-41.753716,-73.576362,0,10
-41.75462,-73.40803,0,10
-41.74255,-73.05976,0,10
-41.74115,-73.70161,0,10
-41.74026,-73.2642,0,10
-41.741623,-71.902605,0,10
-41.72217,-72.48408,0,10
-41.718646,-73.064838,0,10
-41.70958,-73.2428,0,10
-41.67792,-72.93758,0,10
-41.673588,-73.062598,0,10
-41.67092,-72.98943,0,10
-41.66841,-73.13453,0,10
-41.6641,-72.2958,0,10
-41.672807,-72.428896,0,10
-41.61685,-73.59847,1,10
-41.627726,-72.664982,0,10
-41.627007,-73.419352,0,10
-41.604833,-72.689152,0,10
-41.60262,-73.59368,0,10
-41.583222,-73.000013,0,10
-41.57239,-73.09358,0,10
-41.5635,-73.67628,0,10
-41.53795,-73.27688,0,10
-41.540984,-73.390024,0,10
-41.52901,-73.12314,0,10
-41.50826,-72.78969,0,10
-41.502657,-73.608352,0,10
-41.503958,-71.85773,0,10
-41.482211,-73.747775,0,10
-41.494143,-72.987206,0,10
-41.494152,-72.307398,0,10
-41.48565,-73.27422,0,10
-41.48391,-72.85415,0,10
-41.4777326,-72.913991,1,10
-41.482256,-73.00836,0,10
-41.481732,-73.009069,0,10
-41.479191,-72.952662,0,10
-41.477432,-72.914106,0,10
-41.47511,-72.96188,0,10
-41.47496,-72.98464,0,10
-41.4745,-72.96701,0,10
-41.47326,-72.95412,0,10
-41.47316,-72.949226,0,10
-40.333337,-72.954121,0,14
-41.472579,-72.948521,0,10
-41.472458,-72.947002,0,10
-41.472444,-72.947006,0,10
-41.472315,-72.923977,0,10
-41.472161,-72.946682,0,10
-40.295385,-73.08433,0,14
-41.472063,-72.935884,0,10
-41.472063,-72.935884,0,10
-41.471999,-72.948291,0,10
-41.471942,-72.948305,0,10
-41.471789,-72.928189,0,10
-41.494831,-72.332956,0,10
-41.470975,-72.941417,0,10
-41.470872,-72.949274,0,10
-41.470812,-72.924745,0,10
-41.472777,-72.946963,0,10
-41.470169,-72.94072,0,10
-41.469458,-72.907595,0,10
-41.46913,-72.933983,0,10
-41.46837,-72.91657,0,10
-41.468367,-72.916568,0,10
-41.468117,-72.940605,0,10
-41.467982,-72.925596,0,10
-41.46788,-72.936088,0,10
-41.465531,-72.942802,0,10
-41.463797,-72.91442,0,10
-41.463595,-72.919813,0,10
-41.46183,-72.96509,0,10
-41.46122,-72.92951,0,10
-41.458627,-72.914046,0,10
-41.45861,-72.954072,1,10
-41.458559,-72.953958,0,10
-41.45321,-72.65837,0,10
-41.44855,-72.957342,1,10
-41.439959,-72.931153,0,10
-41.4157,-72.59474,0,10
-41.405327,-72.916592,0,10
-41.403367,-73.803555,0,10
-41.401507,-73.179826,0,10
-41.39882,-73.45951,0,10
-41.39764,-72.90352,0,10
-41.396897,-72.90669,0,10
-41.38861,-72.32793,0,10
-41.354912,-73.630866,0,10
-41.33979,-72.7007,0,10
-41.32902,-72.96906,0,10
-41.32482,-73.0726,0,10
-41.324542,-72.989944,0,10
-41.319647,-72.988863,0,10
-41.318975,-72.991294,1,10
-41.318205,-72.985865,0,10
-41.300429,-73.453998,0,10
-41.29405,-73.60989,0,10
-41.292503,-73.21391,0,10
-41.26876,-72.99869,0,10
-41.26076,-73.37236,0,10
-41.25647,-73.01059,1,10
-41.234864,-73.214913,0,10
-41.20855,-72.538156,0,10
-41.21701,-73.4884,0,10
-41.21661,-73.59433,0,10
-41.210184,-73.710816,0,10
-41.189503,-73.068386,0,10
-41.169974,-73.233283,0,10
-41.15532,-73.42297,1,10
-41.13808,-73.03152,1,10
-41.137238,-72.401892,0,10
-41.12982,-73.37238,0,10
-41.12948,-73.05945,0,10
-41.11514,-73.56183,0,10
-41.10161,-73.22926,0,10
-41.08556,-72.01926,0,10
-41.08256,-73.50402,0,10
-41.040182,-73.410442,0,10
-41.0383,-73.623,0,10
-41.02661,-73.51157,0,10
-41.0118,-73.12392,0,10
-41.0051,-73.29206,0,10
-40.991508,-73.053042,0,10
-40.9746,-72.73914,0,10
-40.97256,-72.88318,1,10
-40.97189,-72.5846,0,10
-40.93519,-73.47159,0,10
-40.93138,-73.54169,0,10
-40.92093,-73.3485,0,10
-40.942171,-73.866683,0,10
-40.913644,-73.153883,1,10
-40.91304,-73.15482,0,10
-40.88598,-72.47821,0,10
-40.83015,-72.89012,0,10
-40.87358,-72.5922,0,10
-40.80243,-73.21653,1,10
-40.79306,-73.21565,0,10
-40.77142,-73.29243,0,10
-40.762064,-72.679532,0,10
-40.75995,-72.96472,0,10
-40.711748,-72.888152,0,10
-40.70951,-73.27102,0,10
-40.696344,-72.335555,0,10
-40.685138,-72.806808,0,10
-40.6844,-72.60264,0,10
-40.648506,-73.459478,0,10
-40.620541,-72.490048,0,14
-40.60509,-73.46802,0,10
-40.59186,-73.10399,0,10
-40.5914,-73.16979,0,10
-40.5883,-73.127785,1,10
-40.5867,-73.73336,0,10
-40.586606,-73.127335,0,10
-40.58552,-73.14987,0,10
-40.584947,-73.129113,0,10
-40.584519,-73.119881,0,10
-40.584097,-73.122179,0,10
-40.583676,-73.121051,0,10
-40.582494,-73.121277,0,10
-40.582318,-73.119205,0,10
-40.580509,-73.13198,0,10
-40.580226,-73.122844,0,10
-40.58008,-73.133478,0,10
-40.578964,-73.126573,0,10
-40.575801,-73.128219,0,10
-40.575617,-73.136689,0,10
-40.574063,-73.138185,0,10
-18.482842,-70.307282,0,15
-40.57302,-73.15832,0,10
-40.57215,-73.12492,0,10
-40.571988,-73.136748,0,10
-40.571079,-73.123198,0,10
-40.571021,-73.135768,0,10
-40.570853,-73.133781,0,10
-40.570846,-73.133691,0,10
-40.569087,-73.146524,0,10
-40.56792,-73.17099,0,10
-40.56378,-73.15344,0,10
-40.563754,-73.439822,0,10
-40.5551,-72.77289,0,14
-40.509684,-72.902238,0,10
-40.50567,-72.69994,0,14
-40.48809,-73.52048,0,10
-40.49154,-73.40332,1,10
-40.4607,-73.3415,0,10
-40.423394,-73.325818,0,10
-40.42039,-72.78854,0,14
-40.40656,-73.00791,0,10
-40.40156,-72.70494,0,14
-40.39061,-73.43427,0,10
-40.37395,-72.61872,0,14
-40.36766,-73.262,1,10
-40.34034,-72.10343,0,14
-40.335949,-72.956497,0,14
-40.33526,-72.95019,0,14
-40.335046,-72.961707,0,14
-40.33484,-72.95047,1,14
-40.334324,-72.957982,0,14
-33.433596,-70.617745,0,13
-40.32184,-72.47154,0,14
-40.316422,-73.410276,0,14
-40.31564,-73.43202,0,10
-40.319279,-71.961554,0,14
-40.31164,-73.3354,0,14
-40.3071,-72.69399,0,14
-40.3051279,-73.0626356,0,14
-40.296996,-73.083425,0,14
-40.296985,-73.08347,0,14
-40.29543,-73.084413,0,14
-27.380154,-70.33078,0,03
-33.053069,-71.500539,0,05
-33.047182,-71.607555,0,05
-40.292688,-73.081606,0,14
-40.29102,-73.273691,0,14
-40.290097,-73.012782,0,14
-40.28456,-73.07601,1,14
-40.27991,-72.61971,0,14
-40.27674,-72.88339,0,14
-40.271142,-72.311919,0,14
-40.25136,-72.01755,0,14
-40.24128,-72.58979,0,14
-40.23517,-72.25226,0,14
-40.214606,-72.382411,0,14
-40.21109,-72.79146,0,14
-40.20602,-72.91423,0,14
-40.19843,-72.25862,0,14
-40.195872,-72.042471,0,14
-40.16537,-72.592454,0,14
-40.162753,-73.189134,0,14
-40.15685,-73.12974,0,14
-40.14879,-72.89886,0,14
-40.12564,-72.38267,0,14
-40.122777,-72.684915,0,14
-40.07176,-72.86649,1,14
-40.07013,-72.74765,0,14
-40.06633,-72.86952,0,14
-40.087675,-71.700596,0,14
-40.01947,-72.544,0,14
-39.99042,-72.83396,0,14
-39.98452,-72.54158,0,14
-39.97558,-72.7094,0,14
-39.95179,-73.57611,0,14
-39.90119,-72.58507,0,14
-39.862792,-73.435969,1,14
-39.877098,-73.372434,0,14
-39.8732,-73.39525,0,14
-39.86306,-72.80999,1,14
-39.86294,-72.81162,0,14
-39.861207,-72.818055,0,14
-39.84972,-73.22341,0,14
-39.844861,-73.216708,0,14
-39.8397,-73.211828,0,14
-39.83825,-73.22703,0,14
-39.837869,-73.225818,0,14
-39.837567,-73.20983,0,14
-39.83696,-73.220038,0,14
-39.83673,-72.083361,0,14
-39.83243,-73.21606,0,14
-39.831807,-73.240138,1,14
-39.831662,-73.238406,0,14
-39.830459,-73.241435,0,14
-39.830441,-73.241481,0,14
-39.830186,-73.239309,0,14
-39.82951,-73.24098,0,14
-39.823831,-73.232307,0,14
-39.821426,-73.248411,0,14
-39.821272,-73.229814,0,14
-39.818403,-73.23996,0,14
-39.818395,-73.24005,1,14
-39.818319,-73.238804,0,14
-39.817088,-72.442608,0,14
-39.818124,-73.241053,0,14
-39.818034,-73.240548,0,14
-39.817977,-73.24054,0,14
-39.817954,-73.238514,0,14
-39.817708,-73.237103,0,14
-39.817678,-73.24013,0,14
-39.817431,-73.233083,0,14
-39.8174,-73.234136,0,14
-18.477807,-70.321222,0,15
-33.41253,-70.540345,0,13
-18.483511,-70.311087,0,15
-39.815747,-73.233953,0,14
-39.81486,-73.22478,0,14
-39.814536,-73.247702,0,14
-39.81404,-73.26112,0,14
-39.813792,-73.240135,0,14
-39.813792,-73.240135,0,14
-33.320489,-71.407385,0,05
-39.813397,-73.237131,0,14
-26.386927,-70.044044,0,03
-39.812978,-73.242607,0,14
-33.452528,-70.534632,0,13
-39.808929,-73.258842,0,14
-39.808235,-73.234599,0,14
-39.80672,-72.95888,0,14
-39.806023,-73.237775,0,14
-39.79231,-73.12318,0,14
-39.791571,-73.198747,0,14
-39.78821,-71.9624,0,14
-39.75658,-73.263157,0,14
-39.74484,-72.64444,0,14
-39.7345,-73.13043,0,14
-39.724429,-73.397502,0,14
-39.71124,-72.74367,0,14
-39.66614,-72.95872,0,14
-39.665994,-72.951268,0,14
-39.65067,-73.22581,0,14
-39.6435,-72.33715,0,14
-39.642305,-72.327335,0,14
-39.64068,-72.34238,1,14
-39.62476,-73.07689,0,14
-39.622371,-72.190093,0,14
-39.580392,-72.442554,0,14
-39.57424,-72.18072,0,14
-39.56825,-72.00839,0,14
-39.54121,-72.87057,0,14
-39.54126,-72.96573,1,14
-39.54067,-72.50791,0,14
-39.5389,-72.97188,0,14
-39.538814,-73.242272,0,14
-39.53452,-72.30959,0,14
-39.489277,-72.15444,0,09
-39.48642,-73.21858,0,14
-39.45836,-72.25672,0,09
-39.4521,-72.76842,1,14
-39.449385,-73.22489,0,14
-39.439687,-71.55406,0,09
-39.41369,-72.45175,0,09
-39.408275,-72.71179,0,09
-39.395105,-73.194817,0,09
-39.39135,-72.3695,0,09
-39.3804,-72.23668,0,09
-39.37103,-72.62623,1,09
-39.36619,-71.58278,0,09
-39.350452,-71.70723,0,09
-39.31367,-73.190872,0,09
-39.31083,-71.4545,0,09
-39.30322,-72.22571,0,09
-39.30274,-72.810151,0,09
-39.29655,-72.40626,0,09
-39.2941,-72.22014,0,09
-39.280194,-72.224939,0,09
-39.28072,-71.96077,0,09
-39.27883,-71.97429,1,09
-39.2777,-72.226793,1,09
-39.275962,-72.230831,0,09
-39.26434,-71.77723,0,09
-39.303682,-73.089647,0,09
-39.26109,-71.91999,0,09
-39.24918,-72.78106,0,09
-39.23682,-72.67628,0,09
-39.21826,-71.4353,0,09
-39.10588,-72.66828,1,09
-39.08888,-73.17985,0,09
-39.088977,-72.459878,0,09
-39.088071,-72.926206,0,09
-39.080472,-72.448529,0,09
-39.07479,-72.08632,0,09
-39.04314,-73.08442,0,09
-39.02573,-72.792,0,09
-39.02385,-72.96721,0,09
-39.01472,-72.44215,0,09
-39.00255,-72.80639,0,09
-38.99723,-72.04485,0,09
-38.99639,-73.08885,0,09
-38.99588,-73.26189,0,09
-38.989944,-72.643501,1,09
-38.98644,-72.24732,0,09
-38.98578,-72.38653,0,09
-38.98506,-73.30605,0,09
-38.99161,-72.64117,0,09
-38.96793,-72.84487,0,09
-38.95887,-72.11408,0,09
-38.95382,-72.62822,0,09
-38.95363,-72.44589,0,09
-38.950873,-72.634758,1,09
-38.94494,-72.83987,0,09
-38.94096,-72.15235,0,09
-38.93734,-73.32798,0,09
-38.93094,-72.03761,1,09
-38.92905,-73.23645,0,09
-38.91301,-73.33588,0,09
-38.90613,-73.322,0,09
-38.904867,-72.873158,0,09
-38.899631,-72.959714,0,09
-38.90106,-71.91998,0,09
-38.89849,-73.25066,0,09
-38.883859,-71.754691,0,09
-38.88349,-72.83473,0,09
-38.880756,-71.52936,0,09
-38.868007,-72.6152,0,09
-38.878126,-73.191162,0,09
-38.86996,-72.39666,0,09
-38.85498,-71.69824,0,09
-38.85453,-71.60633,0,09
-38.853049,-73.369109,0,09
-38.85064,-73.04473,0,09
-38.859978,-73.111813,0,09
-38.845,-73.23472,0,09
-38.77423,-72.59746,0,09
-38.7678346,-72.6156916,1,09
-38.77261,-72.58886,0,09
-38.83189,-72.69338,1,09
-38.77071,-73.06603,0,09
-38.7658,-72.60783,0,09
-38.76311,-72.75345,0,09
-38.76102,-72.59332,0,09
-38.760646,-72.590713,0,09
-38.75661,-72.62335,0,09
-38.75658,-73.02546,0,09
-38.75357,-73.29887,0,09
-38.74772,-72.5397,0,09
-38.74518,-73.41073,0,09
-38.74447,-72.95475,0,09
-38.743508,-72.94973,0,09
-38.743153,-72.591526,0,09
-38.743153,-72.591526,0,09
-38.741992,-72.590135,0,09
-33.493489,-70.614616,0,13
-38.74109,-72.58956,0,09
-38.740329,-72.958314,1,09
-38.740314,-72.599755,0,09
-38.74022,-72.58422,0,09
-38.739861,-72.592741,0,09
-38.738504,-72.588336,0,09
-38.738345,-72.591953,0,09
-38.738273,-72.602783,0,09
-38.738161,-72.603443,0,09
-38.737683,-72.603005,0,09
-38.7297877,-72.6274866,1,09
-38.737476,-72.610487,0,09
-38.737438,-72.627453,0,09
-38.737387,-72.605691,0,09
-38.737369,-72.605909,0,09
-38.737359,-72.60577,0,09
-38.73729,-72.62246,0,09
-38.737247,-72.627443,0,09
-38.736928,-72.590314,0,09
-38.736587,-72.610699,1,09
-38.736532,-72.599238,1,09
-38.73519,-72.58179,0,09
-38.734941,-72.571502,0,09
-38.734908,-72.613802,0,09
-38.73458,-72.600104,0,09
-38.73449,-72.5721,0,09
-38.73431,-72.58828,0,09
-38.733675,-72.609481,0,09
-38.733658,-72.60954,0,09
-38.733345,-72.59753,0,09
-40.57371,-73.133393,0,10
-38.730466,-73.338707,0,09
-38.730029,-72.585917,0,09
-38.729677,-72.609514,0,09
-38.729593,-72.627339,0,09
-38.729525,-72.627348,0,09
-38.7265,-72.61085,0,09
-38.72463,-72.44555,0,09
-38.71801,-72.56234,0,09
-38.71363,-72.62011,0,09
-38.71274,-72.65496,0,09
-38.7100644,-73.1409244,1,09
-38.699987,-73.31655,0,09
-38.69685,-73.3521,0,09
-38.69292,-72.36666,0,09
-38.68004,-72.50285,0,09
-38.66638,-72.22757,1,09
-38.666205,-73.402507,0,09
-38.6597,-72.71322,0,09
-38.65818,-72.1153,0,09
-38.65431,-72.38676,0,09
-38.64415,-71.08998,0,09
-38.633849,-72.453913,1,09
-38.633488,-72.967167,0,09
-38.62921,-73.314,0,09
-38.62543,-73.48034,0,09
-38.62233,-72.74123,0,09
-38.61705,-72.49805,0,09
-38.61245,-73.44331,0,09
-38.611717,-72.377365,0,09
-38.61032,-73.19505,0,09
-38.60708,-72.84259,0,09
-38.60605,-72.69722,0,09
-38.59903,-73.07686,0,09
-38.599,-73.14396,0,09
-38.59806,-73.40741,0,09
-38.58488,-72.33005,0,09
-38.574768,-72.945364,0,09
-38.577229,-72.268622,0,09
-38.57239,-72.31221,0,09
-38.56446,-72.08726,0,09
-38.56314,-71.47661,0,09
-38.5548,-71.163,0,09
-38.55142,-72.58358,0,09
-38.53729,-72.43965,0,09
-38.537076,-72.418384,1,09
-38.53627,-71.25676,0,09
-38.53322,-73.41666,0,09
-38.53111,-72.70312,0,09
-38.5306,-73.37063,0,09
-38.52777,-73.48146,0,09
-38.526034,-72.440418,1,09
-38.52332,-72.28303,0,09
-38.52066,-72.79812,0,09
-38.50738,-71.82475,0,09
-38.49989,-72.88521,0,09
-38.49968,-72.58144,0,09
-38.496,-73.2371,0,09
-38.49262,-72.32959,0,09
-38.49055,-72.80105,0,09
-38.48628,-71.72659,0,09
-38.48254,-72.87979,0,09
-38.48147,-71.98348,0,09
-38.47497,-71.58215,0,09
-38.47129,-72.0331,0,09
-38.471,-72.85337,0,09
-38.47012,-72.24287,0,09
-38.468184,-72.700636,0,09
-38.487249,-73.484815,0,08
-38.463813,-72.388235,0,09
-38.466115,-71.698397,0,09
-38.46531,-72.55306,0,09
-38.45932,-72.98452,0,09
-38.4582308,-71.3652184,1,09
-38.464233,-71.234104,0,09
-38.451087,-73.47586,0,08
-38.44985,-72.63297,0,09
-38.43933,-71.89136,1,09
-38.42829,-72.00895,0,09
-38.41834,-72.37236,0,09
-38.41026,-72.78526,1,09
-38.40896,-73.50031,0,08
-38.40287,-72.97929,0,09
-38.399302,-72.846846,0,09
-38.3978,-72.64884,0,09
-38.39731,-73.38624,0,08
-38.38979,-73.06711,0,09
-38.373,-71.95952,0,09
-38.36672,-72.8711,0,09
-38.364199,-72.270506,0,09
-38.341701,-73.90991,0,08
-38.34071,-73.49397,0,08
-38.33568,-72.37714,0,09
-38.32501,-72.99976,0,09
-38.31726,-73.24938,0,09
-38.30778,-72.82206,0,09
-38.30549,-73.16927,0,09
-38.30027,-72.07961,0,09
-38.33867,-72.499775,0,09
-38.29277,-72.31581,0,09
-38.28333,-72.89339,0,09
-38.2643,-72.94265,0,09
-38.256895,-71.244419,0,09
-38.25247,-71.30361,0,09
-38.246384,-72.670327,0,09
-38.24285,-72.67165,1,09
-38.23533,-72.33024,0,09
-38.233942,-72.340159,1,09
-38.232676,-72.339044,0,09
-38.22641,-72.338629,0,09
-38.2185,-72.07173,0,09
-38.21137,-73.23855,0,08
-38.17725,-73.13883,0,08
-38.16727,-72.9024,0,09
-38.149914,-73.369727,0,08
-38.147351,-71.868654,0,09
-38.135506,-72.59009,0,09
-38.12698,-73.26335,0,08
-38.14474,-71.33622,0,09
-38.115008,-72.949181,0,09
-38.114456,-72.504672,0,09
-38.1133,-73.07547,0,09
-38.11231,-72.39167,0,09
-38.109209,-72.708508,0,09
-38.104547,-72.119855,0,09
-38.09705,-72.99699,0,09
-38.093417,-72.433934,0,09
-38.07701,-71.86998,0,09
-38.07423,-72.76467,0,09
-38.06389,-72.37437,0,09
-38.063025,-71.35695,0,08
-38.057,-73.3991,0,08
-38.05093,-72.47274,0,09
-38.047726,-72.908445,0,09
-38.03873,-73.07499,1,09
-38.0216,-71.468207,0,08
-38.02018,-73.23226,1,08
-38.02003,-73.34578,0,08
-38.01873,-72.07909,0,09
-38.010705,-72.501623,0,09
-37.98212,-72.83692,0,09
-37.96008,-72.43598,1,09
-37.959977,-72.571314,0,09
-37.95894,-73.40366,0,08
-37.956531,-73.226365,0,08
-37.954827,-72.434107,0,09
-37.938568,-73.055413,0,09
-37.92525,-72.743572,0,09
-37.91171,-72.11473,0,08
-37.89812,-73.44038,0,08
-37.89469,-72.25257,0,09
-37.886719,-72.853114,0,09
-37.880787,-71.638608,0,08
-37.910369,-72.957383,0,09
-37.85576,-71.67115,0,08
-37.82237,-72.90675,0,09
-37.81947,-71.55706,0,08
-37.81883,-72.67326,0,09
-37.81283,-73.25892,0,08
-37.810855,-72.684524,0,09
-37.81059,-72.69327,0,09
-37.80996,-73.44191,0,08
-37.80914,-73.49433,0,08
-37.80755,-72.40347,0,08
-37.804899,-73.401907,0,08
-37.800432,-72.711931,0,09
-37.800327,-72.697922,0,09
-37.79993,-71.85917,0,08
-37.799364,-72.712978,0,09
-37.796949,-72.707452,0,09
-37.796652,-72.705114,0,09
-37.79598,-72.70494,0,09
-37.79569,-72.47252,0,09
-37.8005395,-72.6906347,1,09
-37.794437,-72.706316,0,09
-37.79418,-72.69551,0,09
-37.794126,-72.706191,0,09
-37.793776,-72.704582,0,09
-37.78431,-73.386039,0,08
-37.782196,-73.385975,1,08
-37.78083,-72.06028,0,08
-37.77972,-71.75583,0,08
-37.767055,-73.519898,0,08
-37.75778,-72.0175,0,08
-37.753,-71.21514,0,08
-37.74947,-73.43879,0,08
-37.72036,-72.24065,1,08
-37.719461,-72.338702,0,08
-37.71329,-71.48377,0,08
-37.71179,-71.90647,0,08
-37.71095,-71.34136,0,08
-37.71043,-71.26598,0,08
-37.68342,-72.00319,0,08
-37.6775,-72.11722,0,08
-37.67299,-72.58068,0,09
-37.670839,-73.529026,0,08
-37.67028,-73.38982,0,08
-37.66815,-72.01668,1,08
-37.66194,-71.86417,0,08
-37.64623,-73.62463,0,08
-37.643528,-72.171047,0,08
-37.640871,-71.772998,0,08
-37.63579,-72.4561,0,08
-37.63533,-72.86231,0,09
-37.63022,-73.40755,0,08
-37.62591,-72.59237,0,08
-37.62563,-73.46162,0,08
-37.61034,-73.65973,1,08
-37.60882,-73.657435,0,08
-37.60882,-73.657435,0,08
-37.60216,-73.64476,0,08
-37.59444,-72.27556,0,08
-37.58535,-72.53348,0,08
-37.57658,-72.42979,0,08
-37.564731,-72.176906,0,08
-37.555289,-71.911707,0,08
-37.55361,-72.5975,0,08
-37.54707,-72.49231,0,08
-37.54095,-72.83167,0,08
-37.51806,-71.84861,0,08
-37.51,-72.07944,0,08
-37.50751,-72.67634,1,08
-37.506476,-72.675673,0,08
-37.49144,-72.32788,0,08
-37.48622,-71.81804,0,08
-37.48611,-72.93556,0,08
-37.48551,-72.3393,0,08
-37.48088,-73.33389,0,08
-72.3540967,-72.354561,0,08
-37.47707,-72.36524,0,08
-37.476664,-72.346724,0,08
-37.476135,-73.345075,0,08
-37.475237,-72.345481,0,08
-37.47393,-72.248361,0,08
-37.473676,-73.348238,1,08
-37.47365,-72.346903,1,08
-37.473433,-72.348551,0,08
-37.47004,-72.352513,0,08
-37.470003,-72.354013,0,08
-37.469628,-72.353591,0,08
-37.46802,-71.98233,0,08
-41.459847,-72.953482,0,10
-37.46761,-72.38335,0,08
-37.467501,-72.336732,0,08
-37.4674,-72.33687,1,08
-37.46692,-72.35147,0,08
-37.46679,-72.50027,0,08
-37.46584,-72.58175,0,08
-37.463985,-73.361999,0,08
-37.46361,-72.3619,0,08
-37.463026,-72.353895,0,08
-37.45733,-72.34301,0,08
-37.45203,-72.76809,0,08
-37.45024,-72.13989,0,08
-37.43222,-71.81611,0,08
-37.43,-72.12556,0,08
-37.41938,-73.56735,0,08
-37.41294,-72.91096,0,08
-37.41063,-72.53553,0,08
-37.40574,-72.796131,0,08
-37.40194,-72.00975,0,08
-37.3975,-72.62056,0,08
-37.38392,-72.96548,0,08
-37.38266,-72.207144,0,08
-37.370829,-72.676128,0,08
-37.365856,-73.342294,0,08
-37.36611,-72.09694,0,08
-37.35775,-71.53499,0,08
-37.35457,-73.62563,0,08
-37.349233,-72.534475,0,08
-37.34646,-72.15291,0,08
-37.329753,-71.672907,0,08
-37.317227,-72.922492,0,08
-37.304189,-73.263752,0,08
-37.30053,-73.43999,0,08
-37.299827,-72.280153,0,08
-37.293398,-71.948315,0,08
-37.28843,-72.59125,0,08
-37.2863,-71.72706,0,08
-37.284302,-72.80869,0,08
-37.282182,-72.713451,0,08
-37.309294,-72.987844,0,08
-37.301464,-72.85603,0,08
-37.27602,-72.42779,0,08
-37.2752,-71.83752,0,08
-37.26429,-72.70924,1,08
-37.2625,-72.7268,0,08
-37.25634,-73.242,0,08
-37.272515,-72.189825,0,08
-37.25072,-73.31763,1,08
-37.249143,-73.24164,0,08
-37.24901,-72.52137,0,08
-37.244864,-72.813988,0,08
-37.24032,-71.9423,1,08
-37.23139,-73.44006,0,08
-37.2171,-72.35234,0,08
-37.229404,-72.65276,0,08
-37.209,-72.43561,0,08
-37.207905,-73.221373,0,08
-37.205425,-71.903405,0,08
-37.202777,-72.350347,0,08
-37.19861,-72.61917,0,08
-37.19821,-73.56468,0,08
-37.16831,-72.94617,1,08
-37.16733,-73.18721,0,08
-37.16183,-72.91225,0,08
-37.14894,-73.58481,0,08
-37.14459,-72.5387,0,08
-37.13219,-72.1953,0,16
-37.13056,-72.72861,0,08
-37.12182,-72.02385,1,16
-37.10167,-72.32417,0,08
-37.101717,-71.809897,0,16
-37.09636,-72.55766,1,08
-37.09533,-73.15791,0,08
-37.09019,-73.155535,1,08
-37.08616,-72.43603,0,08
-37.085652,-73.162403,0,08
-37.08058,-73.15727,0,08
-37.05766,-72.96015,0,08
-37.040307,-72.398755,0,08
-37.03815,-72.39762,0,08
-37.03417,-72.27722,0,08
-37.033153,-72.402956,0,08
-37.028516,-73.144556,0,08
-37.028242,-73.135861,1,08
-37.02785,-73.141574,0,08
-37.026036,-73.148685,0,08
-37.021262,-71.855669,0,16
-37.01219,-73.15041,0,08
-37.0098,-72.99885,0,08
-37.00012,-73.1614,0,08
-36.98978,-73.16014,0,08
-36.98869,-71.84967,0,16
-36.987887,-72.625327,0,08
-36.979455,-71.794461,0,16
-36.97812,-72.09074,0,16
-36.97619,-73.52854,0,08
-36.97365,-72.93731,0,08
-36.9614932,-73.0107452,0,08
-36.95443,-73.01309,0,08
-36.95429,-72.52813,0,08
-36.95312,-71.78529,0,16
-36.94722,-72.47917,0,08
-36.937433,-72.352542,0,16
-36.93344,-73.02741,0,08
-36.932195,-71.869185,0,16
-36.92542,-73.0288,0,08
-36.925106,-72.682798,0,08
-36.924357,-73.025433,0,08
-36.918655,-72.554337,0,16
-36.91785,-71.80548,0,16
-36.89802,-72.03487,1,16
-36.89697,-71.81535,0,16
-36.89613,-71.77485,0,16
-36.893241,-72.42938,0,16
-36.8857,-73.13911,0,08
-36.879051,-72.087959,0,16
-36.87134,-71.74159,0,16
-36.85906,-71.80213,0,16
-36.84864,-73.1463,0,08
-36.846459,-71.900979,0,16
-36.843835,-73.05123,0,08
-36.84375,-73.05238,0,08
-36.84335,-71.65908,0,16
-23.653541,-70.40099,0,02
-36.843046,-73.095029,0,08
-36.843297,-72.102545,0,16
-36.84251,-71.80011,0,16
-36.842311,-73.106993,0,08
-36.841899,-73.055598,0,08
-36.84004,-73.14011,0,08
-36.839056,-73.096675,0,08
-36.83544,-73.12024,0,08
-36.831747,-73.054008,0,08
-36.83162,-73.058659,0,08
-36.831602,-73.05374,0,08
-36.83155,-73.053746,0,08
-36.831461,-73.049212,0,08
-36.83104,-73.00646,0,08
-36.830688,-73.054102,0,08
-36.830197,-73.052045,0,08
-36.82992,-73.055291,0,08
-36.829656,-73.051492,0,08
-36.829653,-73.044409,0,08
-36.829514,-73.049241,0,08
-23.649939,-70.399524,0,02
-36.829233,-73.0483,0,08
-36.829052,-73.052008,0,08
-36.828627,-73.04721,0,08
-36.82861,-72.33409,0,16
-36.82858,-73.06671,0,08
-36.82856,-73.05624,0,08
-36.828351,-73.044075,0,08
-36.828329,-73.056382,0,08
-36.828227,-73.054881,0,08
-36.828132,-73.054927,0,08
-36.827409,-73.041072,0,08
-36.827403,-73.047852,0,08
-36.82738,-73.045777,0,08
-36.827346,-73.045792,0,08
-36.827294,-73.045541,0,08
-33.421046,-70.605136,0,13
-36.826958,-73.046151,0,08
-36.826949,-73.041334,0,08
-36.826926,-73.041278,0,08
-36.826892,-73.044596,0,08
-18.469138,-70.307454,0,15
-36.825398,-73.042155,0,08
-36.82511,-73.037951,1,08
-36.825068,-73.056842,0,08
-36.824105,-73.037815,0,08
-36.824037,-73.044917,0,08
-36.82366,-73.04317,0,08
-36.823559,-73.039716,0,08
-36.823508,-73.038656,0,08
-36.82258,-72.64912,1,08
-36.82239,-73.052253,0,08
-36.821052,-73.041353,0,08
-36.820259,-73.014199,0,08
-36.81677,-73.03216,0,08
-36.816711,-73.028074,0,08
-36.813968,-73.031793,1,08
-36.813866,-73.031787,0,08
-36.808674,-73.072654,0,08
-36.81003,-73.0541,0,08
-36.804048,-73.022926,0,08
-36.803898,-73.022408,0,08
-36.800503,-73.07189,1,08
-36.800503,-73.07189,0,08
-36.79861,-72.03211,0,16
-36.79847,-73.09679,0,08
-36.793883,-73.069934,0,08
-36.79238,-73.04423,0,08
-36.79168,-73.11383,0,08
-36.790833,-73.06654,0,08
-36.7855,-73.0649,1,08
-36.78301,-73.10372,0,08
-36.7725,-71.82028,0,16
-36.7894349,-73.0630368,1,08
-36.765793,-72.720296,0,08
-36.801088,-72.823155,0,08
-36.75088,-73.10194,0,08
-36.74757,-73.10451,0,08
-36.74609,-72.52045,0,16
-36.74422,-73.08847,0,08
-22.461851,-68.92513,0,02
-36.74576,-72.46769,0,16
-36.741213,-73.099162,0,08
-36.740101,-73.108694,1,08
-36.740101,-73.108694,0,08
-36.73971,-72.29642,1,16
-36.73699,-72.990971,0,08
-36.726,-71.82131,0,16
-36.72379,-73.12333,0,08
-36.739665,-73.100823,0,08
-36.719574,-72.975452,1,08
-36.7189,-72.97515,0,08
-36.71453,-73.13517,0,08
-36.714481,-73.13515,1,08
-36.70819,-72.67678,0,08
-36.70465,-71.8931,0,16
-36.691428,-73.1135542,1,08
-36.671299,-72.279619,0,16
-36.664799,-71.706641,0,16
-36.65444,-72.45867,0,16
-36.649791,-71.389733,0,16
-36.64804,-72.40316,0,16
-36.64756,-72.22296,0,16
-36.639182,-73.095932,0,08
-36.63459,-72.95187,0,08
-36.625324,-71.828417,0,16
-36.63022,-72.10677,0,16
-36.629261,-72.131355,0,16
-36.62859,-72.12813,0,16
-36.626209,-72.604332,0,16
-36.62476,-72.09734,0,16
-36.61865,-72.11318,0,16
-36.61794,-72.08057,0,16
-36.615357,-72.076326,0,16
-36.615142,-72.107016,0,16
-36.615122,-72.107576,0,16
-36.61487,-72.10756,1,16
-36.614365,-72.107308,0,16
-36.613323,-72.954554,1,08
-36.613224,-72.122109,0,16
-36.61219,-72.11742,0,16
-36.611343,-72.094726,0,16
-36.610276,-72.094085,0,16
-36.610268,-72.105703,0,16
-36.60903,-72.0895,0,16
-36.608831,-72.092671,1,16
-36.608122,-72.09359,0,16
-36.60809,-72.26106,0,16
-36.608083,-72.093968,0,16
-36.60791,-71.92795,0,16
-36.607888,-72.094741,0,16
-33.455283,-70.598377,0,13
-36.607049,-72.099839,0,16
-36.606295,-72.099196,0,16
-36.605082,-72.101148,0,16
-36.605055,-72.103449,0,16
-36.605055,-72.103449,0,16
-36.60451,-72.08118,0,16
-36.60412,-72.53642,0,16
-36.603736,-72.102874,0,16
-36.603353,-72.096908,0,16
-36.60206,-72.09028,0,16
-36.600919,-72.090066,1,16
-36.60061,-72.96082,0,08
-36.6003,-72.39071,0,16
-36.59078,-71.7649,0,16
-36.58007,-72.76313,0,16
-36.57478,-72.69459,0,16
-36.55614,-72.95812,0,08
-36.554931,-72.864771,0,08
-36.55429,-71.55393,0,16
-36.55469,-71.976829,0,16
-36.55412,-72.938929,0,08
-36.544843,-71.781297,0,16
-36.54236,-72.08522,0,16
-36.52974,-72.42895,0,16
-36.50257,-71.91196,0,16
-36.49902,-72.21226,0,16
-36.49644,-72.66301,0,16
-36.49027,-72.70531,1,16
-36.489428,-72.705506,0,16
-36.47914,-71.7562,0,16
-36.470246,-72.520037,0,16
-36.471083,-72.6107,0,16
-36.46923,-72.38875,0,16
-36.43025,-72.67121,0,16
-36.429931,-71.959831,1,16
-36.42946,-71.95901,0,16
-36.428757,-71.957158,0,16
-36.425162,-71.964323,0,16
-36.41837,-71.96942,0,16
-36.40534,-71.62036,0,16
-36.4009,-72.85002,0,16
-36.40044,-71.74001,0,16
-36.39808,-72.39912,0,16
-36.387935,-71.585985,0,07
-36.387277,-71.588431,0,07
-36.397838,-71.843283,0,16
-36.38019,-72.82546,0,16
-36.358275,-72.31656,0,16
-36.33452,-72.40821,0,16
-36.31993,-72.03904,0,16
-36.303463,-71.31812,0,07
-36.293311,-71.900638,0,16
-36.288958,-71.414922,0,07
-36.288946,-71.741127,0,07
-36.2869,-72.22246,0,16
-36.28644,-72.54754,1,16
-36.28591,-71.65239,0,07
-36.28324,-71.81368,0,16
-36.27194,-72.80032,0,16
-36.238563,-71.941073,0,07
-36.234775,-71.550264,0,07
-36.235919,-71.808854,0,07
-36.23168,-71.72478,0,07
-36.077547,-72.077944,0,07
-36.223188,-71.446623,0,07
-36.21321,-72.49508,0,16
-36.2101,-71.5761,0,07
-36.18691,-72.03835,0,16
-36.16361,-72.02751,0,07
-36.16172,-72.23107,0,07
-36.16011,-71.73795,0,07
-36.151157,-71.581084,0,07
-36.14693,-71.83847,0,07
-36.14417,-72.29366,0,07
-36.1431,-71.65764,0,07
-36.142709,-71.820036,0,07
-36.141982,-71.814027,1,07
-36.141605,-71.820093,0,07
-36.139921,-71.824348,0,07
-36.13894,-71.829592,0,07
-36.133306,-71.324424,0,07
-36.13282,-72.79329,0,16
-36.09699,-72.47368,0,07
-36.08982,-71.5577,0,07
-36.089751,-71.801236,0,07
-36.075024,-72.779069,0,16
-36.057582,-72.091152,0,07
-36.05508,-71.64008,0,07
-36.0538,-71.40136,0,07
-36.05285,-72.45526,0,07
-36.05223,-71.56868,0,07
-36.051316,-71.761564,0,07
-36.00834,-71.84111,0,07
-35.98253,-72.31324,0,07
-35.98172,-71.38849,0,07
-35.98133,-72.45443,0,07
-35.974578,-71.769929,0,07
-35.9772,-71.56887,0,07
-35.971063,-72.552306,0,07
-35.969134,-72.315916,0,07
-35.968468,-72.316047,0,07
-35.968242,-72.315012,0,07
-35.967326,-72.354795,0,07
-35.96715,-72.35595,0,07
-35.965256,-72.315571,0,07
-35.96519,-71.68568,0,07
-35.963105,-72.32527,1,07
-35.961893,-71.683865,0,07
-35.9504,-72.3466,0,07
-35.91873,-71.64521,0,07
-35.915099,-72.666053,0,07
-35.9059,-71.28942,0,07
-35.89484,-71.52145,0,07
-35.88787,-71.99273,0,07
-35.886161,-71.471983,0,07
-35.87561,-72.44503,0,07
-35.86696,-71.59418,0,07
-35.86576,-71.23652,0,07
-35.86232,-71.83666,0,07
-35.85141,-71.60484,0,07
-35.85141,-71.59022,0,07
-35.849223,-71.598769,0,07
-35.848903,-71.600032,0,07
-35.846585,-71.594798,0,07
-35.84645,-72.63561,0,07
-36.607209,-72.104617,0,16
-35.844976,-71.596592,0,07
-35.844872,-71.602113,0,07
-35.844282,-71.590991,1,07
-35.843735,-71.599964,0,07
-35.843606,-71.601023,0,07
-35.843494,-71.596605,0,07
-35.843489,-71.596531,0,07
-35.843237,-71.601316,0,07
-35.843144,-71.590101,0,07
-35.842347,-71.589945,0,07
-35.8407989,-71.6081485,0,07
-35.83049,-71.51284,0,07
-35.828413,-71.446164,0,07
-35.8268,-71.75442,0,07
-35.834129,-72.033336,0,07
-35.818226,-70.820148,0,07
-35.80495,-71.43757,0,07
-35.80374,-71.74299,0,07
-35.79157,-71.89095,0,07
-35.78144,-71.707689,0,07
-35.770361,-72.455236,0,07
-35.772709,-72.303509,0,07
-35.7642,-71.66773,0,07
-35.76048,-71.4183,0,07
-35.758084,-71.001592,0,07
-35.75061,-71.58814,0,07
-35.75013,-71.52812,0,07
-35.73956,-72.53145,1,07
-35.73588,-71.80008,0,07
-35.71759,-71.48237,0,07
-35.71719,-72.42204,0,07
-35.721347,-72.126494,0,07
-35.69707,-71.40322,0,07
-35.69406,-71.67643,0,07
-35.69204,-71.6157,0,07
-35.68609,-71.73483,0,07
-35.67004,-71.46342,0,07
-35.6618,-71.94937,0,07
-35.65242,-71.57929,0,07
-35.652272,-71.652963,0,07
-35.65061,-71.5062,0,07
-35.64451,-72.49323,0,07
-35.64119,-71.26199,0,07
-35.63957,-71.80996,0,07
-35.63701,-71.402241,0,07
-35.62324,-71.67677,0,07
-35.617693,-71.539769,0,07
-35.61727,-72.56903,0,07
-35.60111,-71.73439,0,07
-35.589168,-71.429628,0,07
-35.593944,-71.730912,0,07
-35.59355,-72.52816,0,07
-35.59292,-71.88953,0,07
-35.592859,-71.728008,0,07
-35.59268,-71.37028,0,07
-35.590724,-71.737445,1,07
-35.59029,-72.28193,0,07
-35.58938,-72.60991,0,07
-35.58291,-72.11439,0,07
-35.57957,-71.26113,0,07
-35.574715,-71.671993,0,07
-35.56697,-71.1707,0,07
-35.56551,-71.55958,0,07
-35.55673,-71.58827,0,07
-35.55233,-71.354818,0,07
-35.55141,-71.63733,0,07
-35.54227,-72.090252,0,07
-35.53589,-71.49258,0,07
-35.535341,-72.287571,0,07
-35.52938,-71.42217,0,07
-35.52507,-71.69505,0,07
-35.523709,-71.690987,0,07
-35.49522,-71.32119,0,07
-35.48784,-71.466615,0,07
-35.486234,-71.219334,0,07
-35.47586,-71.74423,0,07
-35.474225,-71.558861,0,07
-35.47207,-71.55733,0,07
-35.46968,-71.84333,0,07
-35.475003,-72.501996,0,07
-35.450711,-72.277106,0,07
-35.44809,-71.41551,0,07
-35.44752,-71.65486,0,07
-35.44263,-71.69844,0,07
-35.44049,-71.86583,0,07
-35.44003,-71.63343,0,07
-35.43823,-71.12586,0,07
-35.43577,-71.67828,0,07
-36.611443,-72.098872,0,16
-35.4304,-71.97927,0,07
-35.429489,-71.626315,0,07
-35.428905,-71.655236,0,07
-35.428613,-71.620852,0,07
-35.427767,-71.626224,0,07
-35.427298,-71.65482,0,07
-35.426896,-71.646373,1,07
-35.42689,-71.667409,0,07
-36.829494,-73.048826,0,08
-36.826681,-73.053279,0,08
-35.42643,-71.63093,0,07
-35.426103,-71.645748,0,07
-35.425998,-71.663027,0,07
-35.425998,-71.663027,0,07
-35.425187,-71.663642,0,07
-35.425108,-71.651766,0,07
-35.424841,-71.664407,0,07
-35.424597,-71.66812,0,07
-35.424561,-71.64681,0,07
-35.424328,-71.667164,0,07
-35.423909,-71.666755,0,07
-35.423825,-71.646802,0,07
-35.42377,-71.667537,0,07
-35.423766,-71.667616,0,07
-35.423684,-71.667641,0,07
-35.42351,-71.667583,0,07
-35.423485,-71.667986,0,07
-35.423364,-71.653855,0,07
-35.422147,-71.66833,0,07
-35.42124,-71.41523,0,07
-35.42092,-71.67522,0,07
-35.419792,-71.60947,0,07
-35.418954,-71.637286,0,07
-35.414667,-71.658606,0,07
-35.41422,-71.05508,0,07
-35.41184,-71.65525,0,07
-35.405811,-71.642469,0,07
-35.40348,-71.6474,0,07
-35.39771,-71.79808,0,07
-35.39527,-71.53165,0,07
-35.392775,-72.049803,0,07
-35.38313,-71.347708,0,07
-35.38275,-71.44662,0,07
-35.35314,-72.15776,0,07
-35.341,-72.41731,0,07
-35.339432,-72.402702,1,07
-35.33695,-71.43611,0,07
-35.33324,-72.417,0,07
-35.332114,-72.415894,0,07
-35.331235,-72.40848,0,07
-35.329873,-72.411174,0,07
-35.329177,-72.410996,0,07
-35.329004,-72.411067,0,07
-35.32678,-72.416973,0,07
-35.32171,-71.95614,0,07
-35.30465,-71.51513,0,07
-35.28284,-71.2557,0,07
-35.28182,-71.77433,0,07
-35.24667,-71.98117,0,07
-35.251358,-72.091573,0,07
-35.24497,-71.18642,0,07
-35.22298,-71.41954,0,07
-35.220625,-71.3679,0,07
-35.21292,-72.28443,0,07
-35.21043,-71.25459,0,07
-35.19433,-71.1149,0,07
-35.18257,-71.84242,0,07
-35.18083,-71.10627,0,07
-35.16888,-71.21578,0,07
-35.16165,-71.28734,0,07
-35.142474,-71.364783,0,07
-35.126662,-71.035328,0,07
-35.12337,-71.14677,0,07
-35.11689,-71.21393,0,07
-35.11556,-71.69453,0,07
-35.11471,-72.17559,0,07
-35.114148,-71.281571,0,07
-35.109514,-71.279751,0,07
-35.1085,-71.87314,0,07
-35.10776,-71.29579,1,07
-35.0959,-71.61474,0,07
-35.0932,-72.02099,1,07
-35.09197,-71.09292,0,07
-35.089337,-71.656578,0,07
-35.06962,-71.15513,0,07
-35.073788,-71.474495,0,07
-35.05585,-71.2742,0,07
-35.0538,-71.22298,0,07
-35.03982,-71.30535,0,07
-35.03344,-71.52889,0,07
-35.03169,-71.77015,0,07
-35.02753,-72.07724,0,07
-35.02027,-72.03927,0,07
-35.0131,-71.05721,0,07
-35.0031,-71.18899,0,07
-34.99898,-70.81315,0,07
-34.996061,-71.235379,0,07
-34.99057,-71.2488,0,07
-34.989807,-71.242568,0,07
-34.978121,-71.213364,1,07
-34.989684,-71.240124,0,07
-34.9886,-71.235366,0,07
-34.988011,-71.23558,0,07
-34.988,-71.23853,0,07
-34.986357,-71.240189,0,07
-34.985385,-71.242942,0,07
-34.985218,-71.241305,0,07
-34.984587,-71.238219,0,07
-34.983381,-71.219615,0,07
-34.98286,-71.237822,0,07
-34.9815511,-71.986003,1,07
-34.982706,-71.239301,0,07
-34.982693,-71.240082,0,07
-34.982374,-71.239959,0,07
-29.959585,-71.336624,0,04
-34.98062,-71.235608,0,07
-34.980551,-71.235014,0,07
-34.978528,-70.983239,0,07
-34.976668,-71.210153,0,07
-34.97649,-71.23778,0,07
-34.97638,-71.80556,1,07
-34.97605,-71.21886,0,07
-34.97288,-71.24795,0,07
-34.97237,-70.92763,0,07
-34.96583,-72.18398,0,07
-34.980201,-71.345423,0,07
-34.95238,-71.12284,0,07
-34.94422,-71.652568,0,07
-34.93733,-71.19522,0,07
-34.934335,-72.180503,0,07
-34.92345,-71.31737,0,07
-34.92166,-71.50868,0,07
-34.9201,-71.0291,0,07
-34.88754,-72.17141,0,07
-34.884253,-71.278953,0,07
-34.87872,-71.99417,0,07
-34.87095,-71.16378,1,07
-34.874316,-71.865613,0,07
-34.85294,-70.96929,0,06
-34.84945,-72.14189,0,07
-34.8478,-71.27054,0,07
-34.84004,-71.10383,0,07
-34.832617,-71.698581,0,06
-34.82228,-71.02083,0,07
-34.822286,-71.069641,0,07
-34.8056,-71.62767,0,06
-34.79151,-71.04498,0,06
-34.77133,-70.94791,0,06
-34.7708,-71.83608,0,06
-34.76967,-71.1902,0,06
-34.77287,-71.925358,0,07
-34.767257,-71.422754,0,06
-34.76472,-72.07862,0,07
-34.74725,-71.19042,0,06
-34.73351,-71.26817,0,06
-34.72822,-71.64667,1,06
-34.72209,-71.56817,0,06
-34.707392,-71.0418,0,06
-34.702693,-71.038682,0,06
-34.70251,-71.03664,1,06
-34.69874,-70.92966,0,06
-34.69254,-71.31729,0,06
-34.68829,-72.04825,0,07
-34.685018,-70.873413,0,06
-34.68396,-71.20079,0,06
-34.67449,-71.18159,0,06
-34.66773,-71.29579,0,06
-34.65564,-71.74047,0,06
-34.65473,-71.11445,0,06
-34.65204,-70.97634,0,06
-34.65137,-71.28386,0,06
-34.64979,-71.20487,1,06
-34.650289,-70.852744,0,06
-34.64562,-72.03257,0,06
-34.643197,-71.365644,0,06
-34.6428,-71.8987,0,06
-34.64271,-71.365204,0,06
-34.64222,-71.365126,0,06
-34.641001,-71.366621,0,06
-34.640366,-71.368033,0,06
-34.63918,-71.117,0,06
-34.638003,-71.369489,0,06
-34.635402,-71.356498,0,06
-34.634422,-71.35723,1,06
-34.6344,-71.36903,0,06
-34.62343,-71.17884,0,06
-34.62065,-71.2671,0,06
-34.60379,-71.110004,0,06
-34.5966,-70.97087,0,06
-34.59587,-71.36083,0,06
-34.5958,-71.64891,0,06
-34.59454,-71.42891,0,06
-34.589174,-70.986466,0,06
-34.58849,-70.991225,0,06
-34.588426,-70.989385,0,06
-34.588011,-70.990488,0,06
-34.587639,-70.989654,0,06
-34.58748,-70.9908,0,06
-34.587288,-70.988923,0,06
-34.587171,-70.989335,0,06
-34.982286,-71.241135,0,07
-34.586527,-70.990624,0,06
-34.585941,-71.020758,0,06
-34.585256,-70.990128,0,06
-34.585181,-70.990121,0,06
-34.581031,-70.987975,0,06
-34.582367,-70.910144,0,06
-34.577739,-70.996626,0,06
-34.575908,-70.992563,1,06
-34.57419,-70.99197,0,06
-34.54991,-71.906731,0,06
-34.53217,-71.38892,0,06
-34.52297,-71.37203,0,06
-34.518666,-71.59326,0,06
-34.49716,-71.07368,0,06
-34.482215,-71.201724,0,06
-34.480679,-71.906179,0,06
-34.47798,-71.47711,0,06
-34.4759,-70.98062,0,06
-34.4759,-71.31025,0,06
-34.474647,-72.021953,0,06
-34.46446,-71.39778,0,06
-34.46134,-70.89436,0,06
-34.44879,-71.55003,0,06
-34.441804,-71.075658,0,06
-34.44145,-70.9443,0,06
-34.4411,-71.08062,1,06
-34.440789,-71.079608,0,06
-34.440765,-71.079698,0,06
-34.439697,-71.080892,0,06
-34.438218,-71.08036,0,06
-34.43789,-71.07215,0,06
-34.43677,-71.070624,0,06
-34.43388,-70.79195,0,06
-34.427856,-71.167482,0,06
-34.41452,-71.22743,0,06
-34.411325,-70.853259,1,06
-34.410575,-70.853781,0,06
-34.410504,-70.853911,0,06
-34.409821,-70.8634,0,06
-34.40961,-70.85009,0,06
-34.409607,-70.862543,0,06
-34.40851,-71.30117,0,06
-34.40785,-71.001,0,06
-34.40309,-71.36671,0,06
-34.401827,-71.432661,0,06
-34.39882,-71.61712,1,06
-34.39727,-70.78181,0,06
-34.395292,-70.851348,0,06
-34.39435,-70.8506,0,06
-34.392259,-72.021916,0,06
-34.38959,-71.17305,1,06
-34.38651,-72.01323,1,06
-34.38231,-70.87162,0,06
-34.37844,-70.81404,0,06
-34.364792,-71.099934,0,06
-34.35925,-71.28325,1,06
-34.35571,-71.73477,0,06
-34.35329,-70.96577,0,06
-34.34891,-70.83763,0,06
-34.33611,-70.7661,0,06
-34.330563,-70.900765,0,06
-34.31275,-71.34112,0,06
-34.30771,-71.38972,0,06
-34.30541,-71.27108,0,06
-34.2956,-71.43905,0,06
-34.29367,-71.78725,0,06
-34.29219,-71.88352,0,06
-34.29207,-71.14715,0,06
-34.29056,-71.30719,0,06
-34.28796,-70.81712,0,06
-34.28758,-71.08382,0,06
-34.26923,-70.8528,0,06
-34.26859,-70.95392,1,06
-34.25486,-71.38457,0,06
-34.24288,-71.07092,0,06
-34.23218,-70.87625,0,06
-34.2312,-70.99924,0,06
-34.22395,-70.78467,0,06
-34.22327,-70.96113,0,06
-34.21948,-71.44119,0,06
-34.21298,-70.81463,0,06
-34.20897,-71.65305,0,06
-34.20818,-71.31421,0,06
-34.20698,-71.27443,0,06
-34.20341,-70.75692,0,06
-34.20267,-70.52791,0,06
-34.20098,-71.21047,0,06
-34.19892,-70.88967,0,06
-34.1879715,-70.7205247,1,06
-33.413672,-70.582088,0,13
-34.187678,-70.718994,0,06
-34.187678,-70.718994,0,06
-34.186107,-70.722807,0,06
-34.185825,-70.722706,1,06
-34.185703,-70.722637,0,06
-34.18032,-70.65161,0,06
-34.179912,-70.745413,0,06
-34.17884,-71.40095,0,06
-34.17875,-70.7399,0,06
-34.174491,-70.733888,0,06
-34.17427,-70.71164,0,06
-34.172986,-70.735449,0,06
-34.170821,-70.738299,0,06
-34.170102,-70.732817,0,06
-34.170075,-70.732539,0,06
-34.16932,-71.32545,0,06
-34.168778,-70.740803,0,06
-33.453415,-70.680021,0,13
-34.16788,-70.738319,0,06
-34.167595,-70.752039,0,06
-34.16693,-70.76419,0,06
-34.16684,-70.739603,0,06
-34.166707,-70.729041,0,06
-34.166312,-70.728846,0,06
-34.166293,-70.743286,1,06
-34.166011,-70.741028,0,06
-34.166001,-70.740168,0,06
-34.165955,-70.739561,0,06
-34.165823,-70.740733,0,06
-34.165585,-70.742125,0,06
-34.165487,-70.742766,0,06
-34.163491,-70.714107,0,06
-34.15535824,-70.76672344,1,06
-34.164339,-70.740845,0,06
-34.164339,-70.740845,0,06
-34.159869,-70.742425,0,06
-34.155328,-70.737171,0,06
-34.15461,-70.7371,0,06
-34.14949,-70.70904,0,06
-34.135173,-70.786925,0,06
-34.13349,-71.57196,0,06
-34.11551,-71.7294,1,06
-34.09309,-71.37282,0,06
-34.089481,-71.187524,0,13
-34.06706,-70.730862,1,06
-34.03911,-70.66704,0,06
-34.03248,-71.10008,0,13
-33.709767,-70.853969,0,13
-34.02554,-71.54214,0,06
-34.01949,-71.84328,0,06
-34.0028,-71.71673,0,06
-34.001,-70.64952,0,06
-33.56909,-71.21091,0,13
-33.503619,-71.256737,0,13
-33.97832,-70.70813,0,06
-34.03232,-71.00262,0,13
-33.95372,-71.83028,0,06
-33.9447,-71.73746,0,06
-33.91865,-71.51013,0,13
-33.908094,-71.715785,0,05
-33.732562,-70.90713,0,13
-33.861645,-71.657738,0,05
-33.90075,-70.66052,0,13
-33.89474,-71.45561,0,13
-33.876159,-70.882962,0,13
-33.86854,-70.748,0,13
-33.859449,-70.850683,0,13
-33.85075,-70.94281,0,13
-33.83276,-70.64326,0,13
-33.815209,-70.169449,0,13
-33.813946,-70.741044,0,13
-33.812338,-70.741997,0,13
-33.81193,-70.86063,0,13
-33.809724,-70.742149,0,13
-33.80483,-70.74121,0,13
-33.910708,-71.608008,0,13
-33.78344,-70.23606,0,13
-33.78223,-70.79177,0,13
-33.7735,-71.25757,0,13
-33.77087,-71.61981,0,05
-33.752633,-71.363168,0,05
-33.78438,-70.88618,0,13
-33.74904,-70.90331,0,13
-33.73775,-70.74133,0,13
-33.73525,-70.68416,0,13
-33.735169,-71.424172,0,05
-33.73121192,-70.77552915,0,13
-33.7348,-70.8617,0,13
-33.73453,-70.7386,0,13
-33.734263,-70.739547,1,13
-33.73418,-70.744272,0,13
-33.48836,-71.18518,0,13
-33.730686,-70.745993,0,13
-33.72068,-70.55328,0,13
-33.947638,-71.560175,0,13
-33.70024,-71.21813,0,13
-33.69526,-71.214668,1,13
-33.69079,-70.70173,0,13
-33.688167,-71.215165,0,13
-33.686376,-71.213295,0,13
-33.504559,-70.655472,0,13
-33.686119,-71.210766,0,13
-33.682339,-71.234276,0,13
-33.68192,-70.98609,0,13
-33.6815,-71.22595,0,13
-33.6801,-71.23301,0,13
-39.2950602,-72.2118258,1,13
-33.67207,-70.53228,0,13
-33.67046,-70.66555,0,13
-33.66967,-70.93761,0,13
-33.66886,-70.62115,0,13
-33.66801,-70.920339,1,13
-33.667441,-70.928765,0,13
-33.667394,-70.928644,0,13
-33.664867,-70.927698,0,13
-33.661894,-70.927275,0,13
-33.64985,-71.15045,0,13
-33.64399,-71.61244,0,05
-33.639361,-70.351496,1,13
-33.640915,-78.831448,0,05
-33.64029,-70.76634,0,13
-33.63601,-70.81101,0,13
-33.63508,-70.57248,0,13
-33.63487,-71.54312,0,05
-33.632025,-70.710848,0,13
-33.63094,-71.59579,0,05
-33.629126,-70.896286,0,13
-33.62792,-70.61646,0,13
-33.62597,-70.62576,0,13
-33.62595,-70.78242,0,13
-33.62467,-70.69878,0,13
-33.62353,-70.58839,0,13
-33.61969,-70.530209,0,13
-33.618848,-70.587406,0,13
-33.61433,-70.55268,0,13
-33.614166,-70.598737,0,13
-33.61399,-70.69787,0,13
-33.613063,-71.44412,0,05
-33.613143,-71.612106,0,05
-33.612366,-71.609712,0,05
-33.612073,-70.576065,0,13
-33.611333,-70.89268,0,13
-33.61107,-70.52104,0,13
-33.610852,-70.573518,0,13
-33.610845,-70.872671,0,13
-33.61001,-70.904125,1,13
-33.60998,-70.87164,0,13
-33.609665,-71.60113,0,05
-33.608844,-70.856194,0,13
-33.6088,-70.89626,0,13
-33.60716,-70.57845,0,13
-33.605696,-70.577751,0,13
-33.420487,-70.600971,0,13
-33.605389,-70.577098,0,13
-33.60537,-70.577004,0,13
-33.605163,-70.578216,0,13
-33.604849,-70.578955,0,13
-33.60212,-71.61341,0,05
-33.599994,-71.614601,0,05
-33.59866,-70.68036,0,13
-33.597769,-71.612731,0,05
-33.59763,-70.71485,0,13
-33.59751,-71.60551,0,05
-33.596801,-70.703708,0,13
-33.59663,-70.55654,0,13
-33.59543,-70.6217,0,13
-33.424669,-70.654278,0,13
-33.594032,-70.703147,0,13
-33.593305,-71.613478,0,05
-33.59304,-70.700228,0,13
-33.592835,-70.697393,1,13
-33.59258,-70.706562,0,13
-33.59244,-70.70222,0,13
-33.592171,-70.703037,0,13
-33.588122,-70.471502,0,13
-33.59115,-70.59528,0,13
-33.590867,-70.702896,0,13
-33.59071,-70.66622,0,13
-33.590637,-71.604835,0,05
-33.58966,-70.68286,0,13
-33.58948,-71.60989,0,05
-33.58898,-70.61858,0,13
-33.588809,-71.608623,1,05
-33.588121,-71.608888,0,05
-33.5740142,-70.5560789,0,13
-33.586374,-70.702699,0,13
-33.5855,-70.63626,0,13
-33.58448,-70.69208,0,13
-33.58435,-70.676793,1,13
-33.584329,-71.611996,1,05
-33.58428,-70.60438,0,13
-33.58396,-70.55633,0,13
-33.58208,-70.66877,0,13
-33.580622,-71.609606,0,05
-33.580672,-71.6084938,0,05
-33.57958,-70.63909,0,13
-33.579233,-70.551417,0,13
-33.578297,-70.703022,0,13
-33.57804,-70.67785,0,13
-33.577251,-70.581781,1,13
-33.577251,-70.581781,0,13
-33.577251,-70.581781,0,13
-33.57662,-70.64964,0,13
-33.57581,-70.70361,0,13
-33.574316,-70.555338,0,13
-33.572803,-70.582526,0,13
-33.57010603,-70.66706145,0,13
-33.56978,-70.80515,0,13
-33.569382,-70.554425,0,13
-33.75062,-71.19828,0,13
-33.56916,-71.11575,0,13
-20.213358,-70.148969,0,01
-33.568843,-70.55747,0,13
-33.56746,-71.60578,0,05
-33.56387,-70.64754,0,13
-33.56355,-70.798519,0,13
-33.56136,-70.67469,0,13
-33.5613987,-70.5658411,0,13
-33.5602,-70.57852,0,13
-33.56018,-70.60598,0,13
-33.55784,-70.590685,0,13
-33.55718,-70.58201,0,13
-33.55697,-70.61654,0,13
-33.555794,-70.675385,0,13
-33.55415,-70.66697,0,13
-33.5525,-70.635024,1,13
-33.55249,-70.68881,0,13
-33.55182,-70.62955,0,13
-33.55161,-70.64073,0,13
-33.54721,-70.60862,0,13
-33.54679,-71.59871,0,05
-33.54581,-71.47756,0,05
-33.54543,-70.64482,0,13
-33.54375,-70.59283,0,13
-33.5364187,-70.6605989,0,13
-33.53842,-70.663503,0,13
-33.532855,-70.642517,0,13
-33.537,-70.63367,0,13
-33.53549,-70.67246,0,13
-33.53472,-70.69643,0,13
-33.53304,-71.52763,0,05
-33.532716,-70.704737,0,13
-33.532417,-70.661224,0,13
-33.53124,-70.60422,0,13
-33.52959,-70.66737,0,13
-33.52776,-70.79639,0,13
-33.52746,-70.6213,0,13
-33.525628,-70.597703,0,13
-33.5254,-70.76784,0,13
-33.423839,-70.616395,0,13
-33.52243,-70.69732,0,13
-33.522276,-70.582734,0,13
-33.52184,-71.54215,0,05
-33.521292,-70.57891,0,13
-33.5196,-70.62398,0,13
-33.5188111,-70.5967126,1,13
-33.51906,-70.596933,0,13
-33.51856,-70.60222,0,13
-33.518243,-70.604586,0,13
-33.51736,-70.5445,0,13
-33.352438,-70.520811,0,13
-33.51714,-71.12501,0,13
-33.517052,-70.601107,0,13
-33.516665,-70.717478,0,13
-33.51493,-70.67617,0,13
-33.51466,-70.58581,0,13
-33.514542,-70.608163,0,13
-33.514161,-70.599148,1,13
-33.51407,-70.7966,0,13
-33.51317,-70.82542,0,13
-33.513077,-70.657973,0,13
-33.512836,-70.754789,0,13
-33.511943,-70.7561,0,13
-33.51188,-70.57798,0,13
-33.51122,-70.75455,0,13
-33.510992,-70.757709,0,13
-33.517152,-70.595254,0,13
-33.51012,-70.64902,0,13
-33.509903,-70.598229,1,13
-33.509209,-70.75471,0,13
-33.508774,-70.771857,0,13
-33.508212,-70.774248,1,13
-33.50812,-70.57799,0,13
-33.50742,-70.69407,0,13
-33.522432,-70.599597,0,13
-33.5066,-70.655096,0,13
-33.5063,-70.62439,0,13
-33.506169,-70.656159,0,13
-33.50567,-70.75697,0,13
-33.50543,-70.77435,0,13
-33.505203,-70.756495,0,13
-33.50432,-70.75815,0,13
-33.504193,-70.757091,0,13
-33.98443,-71.06306,0,13
-33.50346,-70.67606,0,13
-33.50158,-70.68072,0,13
-33.5015,-70.59393,0,13
-33.50148,-70.73355,0,13
-33.501328,-70.579408,1,13
-33.500951,-70.579232,0,13
-33.500558,-70.759935,0,13
-33.499819,-70.653569,0,13
-33.498534,-71.626162,0,05
-33.497702,-70.708225,0,13
-33.497116,-70.614619,0,13
-33.495624,-70.652403,0,13
-33.494888,-70.591663,0,13
-33.438498,-70.560278,0,13
-33.49348,-70.61511,0,13
-33.49331,-70.7192,0,13
-33.492637,-70.59538,0,13
-33.492317,-70.667549,0,13
-33.49196,-70.63322,0,13
-33.491088,-70.655977,0,13
-33.490599,-70.643089,0,13
-33.490566,-70.652185,0,13
-33.490167,-70.648486,0,13
-33.49003,-70.74488,0,13
-33.489979,-70.652032,0,13
-33.48971,-70.67602,0,13
-29.910167,-71.250607,0,04
-33.733259,-71.022697,0,13
-33.4953803,-70.6832112,0,13
-33.4876434,-70.5768907,0,13
-33.486876,-70.647989,0,13
-33.48649,-70.62353,0,13
-33.486209,-70.655952,0,13
-33.486194,-70.641339,0,13
-33.486194,-70.641339,0,13
-33.4860296,-70.5926836,0,13
-33.485344,-70.645169,0,13
-33.485147,-70.644439,1,13
-33.484821,-70.644294,0,13
-33.484761,-70.648129,1,13
-33.48427,-70.77135,0,13
-33.423283,-70.538838,0,13
-33.48292,-70.557327,0,13
-33.49346,-70.65739,0,13
-33.48019,-70.66908,0,13
-33.478565,-70.544995,0,13
-35.845629,-71.595717,0,07
-33.477503,-70.599355,0,13
-33.47694,-70.56272,0,13
-33.4769,-70.543,0,13
-33.47636,-70.59288,0,13
-33.475857,-70.656574,0,13
-33.474149,-70.605281,0,13
-33.47397,-70.57423,0,13
-33.47368,-70.70598,0,13
-33.473594,-70.660323,0,13
-33.473449,-70.598101,0,13
-33.47317,-70.75602,0,13
-33.47284,-70.69189,0,13
-33.47039,-70.53223,0,13
-33.47013,-70.64665,0,13
-33.470122,-70.675668,0,13
-33.46924,-70.6029,0,13
-33.46803,-70.67045,0,13
-33.46793,-70.55601,0,13
-33.466797,-70.574961,0,13
-33.46678,-71.10237,0,13
-33.468114,-70.642536,0,13
-33.466,-70.58777,0,13
-33.4648083,-70.6426527,0,13
-33.464796,-70.726975,0,13
-33.464262,-70.614717,0,13
-33.4640345,-70.6423554,0,13
-33.460498,-70.64232,1,13
-33.460454,-70.569892,0,13
-33.460091,-70.568823,0,13
-33.458241,-70.637759,0,13
-33.45813,-70.76084,0,13
-33.458042,-70.588958,0,13
-33.457755,-70.702639,1,13
-33.457336,-70.701792,1,13
-33.45694,-70.74275,0,13
-33.45686,-70.53265,0,13
-33.45676,-70.700784,1,13
-33.45674,-71.66318,0,05
-33.456566,-70.699403,0,13
-33.455718,-70.652722,0,13
-33.45544,-70.65273,0,13
-33.4556232,-70.6539909,0,13
-33.455177,-70.576257,0,13
-33.454713,-70.605312,0,13
-33.454705,-70.579456,0,13
-33.45454,-70.606179,0,13
-33.387198,-70.538996,0,13
-37.467881,-72.352065,0,08
-33.45434,-70.607091,0,13
-33.454331,-70.694266,0,13
-33.477511,-70.599467,0,13
-33.453162,-70.56969,0,13
-33.453135,-70.591437,0,13
-33.4592024,-70.7252069,0,13
-33.4504927,-70.538184,1,13
-33.4526019,-70.6063138,0,13
-33.510955,-70.758084,0,13
-33.45238,-70.682674,0,13
-33.45198,-70.70393,0,13
-33.45176,-70.71605,0,13
-33.451735,-70.544078,0,13
-33.452597,-70.623869,0,13
-33.45118,-70.67377,0,13
-33.450658,-70.608463,1,13
-33.450314,-70.604116,0,13
-33.450165,-70.570348,0,13
-33.45,-70.73009,0,13
-33.449762,-70.683949,0,13
-33.449384,-70.652234,0,13
-33.449361,-70.628452,0,13
-33.448174,-70.669444,0,13
-33.448174,-70.669444,0,13
-33.447877,-70.602775,0,13
-33.44743,-70.76289,0,13
-33.446412,-70.658798,0,13
-33.590678,-70.702399,0,13
-33.445369,-70.740976,0,13
-33.444929,-70.669423,0,13
-33.444915,-70.657657,0,13
-33.4446,-70.6223,0,13
-33.444597,-70.651889,0,13
-33.444389,-70.625433,0,13
-33.44423,-70.62043,0,13
-33.444151,-70.63295,0,13
-33.444004,-70.637955,1,13
-33.44386,-70.6119,0,13
-33.443851,-70.64105,0,13
-33.4437,-70.689673,0,13
-33.443625,-70.632551,1,13
-33.47812,-70.756739,0,13
-33.443284,-70.646988,0,13
-33.4439993,-70.5239877,0,13
-33.443197,-70.64343,0,13
-33.443088,-70.645705,0,13
-33.443018,-70.653049,0,13
-33.442973,-70.655523,0,13
-33.442892,-70.641022,0,13
-33.44286,-70.54447,0,13
-33.44267,-70.5971,0,13
-33.442651,-70.639037,0,13
-33.442579,-70.646414,0,13
-33.44247,-71.45254,0,05
-33.442394,-70.679188,1,13
-33.442344,-70.624128,0,13
-33.442233,-70.640349,1,13
-33.442163,-70.640257,0,13
-33.442159,-70.641311,0,13
-33.441929,-70.651903,0,13
-33.441882,-70.683538,0,13
-33.410835,-70.566112,0,13
-33.441528,-70.652402,0,13
-33.441492,-70.656611,0,13
-33.44129,-70.66728,0,13
-33.441165,-70.655942,0,13
-33.440462,-70.648817,0,13
-33.440215,-70.677134,0,13
-33.4401435,-70.6243187,0,13
-33.439977,-70.606741,0,13
-33.686251,-71.214487,0,13
-33.439732,-70.646582,0,13
-33.439526,-70.652881,0,13
-33.439415,-70.646293,0,13
-33.43929,-70.7093,0,13
-33.43913,-70.62242,0,13
-33.439095,-70.642253,0,13
-33.43892,-70.67247,0,13
-33.438854,-70.648809,0,13
-33.43878,-70.62518,0,13
-33.437624,-70.644432,0,13
-33.438456,-70.618338,0,13
-33.438311,-70.618322,0,13
-33.438106,-70.632423,0,13
-33.438055,-70.747937,0,13
-33.437988,-70.621882,0,13
-33.437979,-70.64855,0,13
-33.437978,-70.65123,0,13
-33.437953,-70.634743,0,13
-33.437944,-70.643933,0,13
-33.437839,-70.634761,0,13
-33.437836,-70.643062,0,13
-33.437666,-70.644218,1,13
-33.441773,-70.650018,0,13
-33.43744,-70.641653,0,13
-33.43739,-70.75067,0,13
-33.436962,-70.680018,0,13
-33.436955,-70.648935,0,13
-33.436888,-70.622448,1,13
-33.43688,-70.74045,0,13
-33.436776,-70.748549,0,13
-33.43664,-70.624493,1,13
-33.43664,-70.624493,0,13
-33.43664,-70.624493,0,13
-33.436486,-70.622589,0,13
-33.436374,-70.631223,0,13
-33.43613,-70.678916,0,13
-33.43594,-70.59623,0,13
-33.435545,-70.631183,0,13
-33.435211,-70.62625,0,13
-33.435106,-70.626164,0,13
-33.43499,-70.626325,0,13
-33.434891,-70.658236,1,13
-33.434825,-70.622227,0,13
-33.4343299,-70.6258155,1,13
-33.434704,-70.601625,0,13
-33.434393,-70.626504,0,13
-33.434342,-70.625991,0,13
-33.434315,-70.623886,0,13
-33.43419,-70.69294,0,13
-33.433876,-70.601276,0,13
-33.454406,-70.606047,0,13
-33.4335,-70.73166,0,13
-33.4211017,-70.6184368,1,13
-33.43282,-70.62822,1,13
-33.432418,-70.628116,0,13
-33.432144,-70.618483,0,13
-33.43141,-70.61881,0,13
-33.483934,-70.548052,0,13
-33.429848,-70.6145273,1,13
-33.43042,-70.71435,0,13
-33.429817,-70.603116,0,13
-33.429013,-70.655438,0,13
-33.429013,-70.655438,0,13
-33.429,-70.77092,0,13
-33.428491,-70.622587,0,13
-33.42821,-70.619211,0,13
-33.42785,-70.61109,0,13
-33.427641,-70.780219,0,13
-33.427257,-70.648544,1,13
-33.426534,-70.59547,0,13
-33.4262,-70.61847,0,13
-33.426086,-70.615578,0,13
-33.425381,-70.614023,0,13
-33.425363,-70.613927,0,13
-33.42517,-70.61953,0,13
-33.425073,-70.613175,0,13
-33.423453,-70.608173,0,13
-33.42464,-70.610459,0,13
-33.424266,-70.615773,0,13
-33.42421,-70.60457,0,13
-33.42392,-70.64577,0,13
-33.605695,-70.576329,0,13
-33.568939,-70.58297,0,13
-33.611124,-70.575411,0,13
-33.423268,-70.609892,0,13
-33.423045,-70.538864,0,13
-33.42251,-70.6948,0,13
-33.422402,-70.650537,0,13
-33.4254855,-70.5504904,1,13
-33.42165,-71.39167,0,05
-33.421029,-70.612059,0,13
-33.420859,-70.607217,0,13
-41.472155,-72.936403,0,10
-33.420434,-70.656025,0,13
-33.420057,-70.653116,1,13
-33.419987,-70.662791,0,13
-33.41956,-70.75083,0,13
-33.419313,-70.60058,0,13
-33.418942,-70.605168,0,13
-33.41889,-70.605024,0,13
-33.4176831,-70.5281941,1,13
-33.418128,-70.652105,0,13
-33.41758,-70.7174,0,13
-33.41752,-70.7412,0,13
-33.41737,-70.66865,0,13
-33.41707,-70.53311,0,13
-33.417043,-70.596031,0,13
-33.416917,-70.566517,0,13
-33.41661,-70.600767,0,13
-33.416586,-70.653318,1,13
-33.415505,-70.604547,0,13
-33.415499,-70.657603,1,13
-33.415449,-70.582888,0,13
-33.415335,-70.655086,1,13
-33.41516,-70.65712,0,13
-33.423625,-70.741664,1,13
-33.414885,-70.583787,0,13
-33.41481,-70.588799,0,13
-33.414597,-70.579894,0,13
-41.470581,-72.93882,0,10
-33.413184,-70.58871,0,13
-33.368669,-70.731483,0,13
-33.412432,-70.578094,0,13
-33.41148,-70.72847,0,13
-33.410871,-70.566918,0,13
-32.880725,-71.247503,0,05
-33.41032,-70.63122,0,13
-33.4095,-71.14566,1,13
-33.4055828,-70.5034723,1,13
-33.406463,-70.580694,0,13
-33.405309,-70.585445,0,13
-33.404764,-70.570812,0,13
-33.40345,-70.7097,0,13
-33.40321,-70.6346,0,13
-33.402619,-70.572822,0,13
-33.402549,-70.57849,0,13
-33.402454,-70.577888,0,13
-33.402336,-70.587353,0,13
-33.40223,-70.577992,0,13
-33.4002636,-70.509713,1,13
-33.400648,-70.681955,0,13
-33.40046,-70.574539,0,13
-33.40041,-70.56441,0,13
-33.400011,-70.574142,0,13
-33.39864,-70.672418,0,13
-33.39767,-70.74971,0,13
-33.39751,-71.69428,0,05
-33.047832,-71.446854,0,05
-33.3958478,-70.5830006,0,13
-33.395874,-70.58307,0,13
-33.395415,-70.548297,0,13
-33.395327,-70.548074,1,13
-33.39531,-70.57315,0,13
-33.39441,-70.65834,0,13
-33.393275,-70.561956,0,13
-33.391324,-70.579737,0,13
-33.391276,-70.572983,1,13
-33.39126,-70.69893,0,13
-33.379281,-70.5827423,0,13
-33.390628,-70.54606,0,13
-33.389936,-70.57247,0,13
-33.38985,-70.55501,0,13
-33.389171,-70.621565,0,13
-33.38886,-70.67125,0,13
-33.388422,-70.571883,0,13
-33.38832,-70.54528,0,13
-33.388011,-70.577027,0,13
-33.387251,-70.552732,0,13
-33.38705,-70.6418,0,13
-33.386917,-70.530622,0,13
-33.38439,-70.64494,0,13
-33.384203,-70.53279,0,13
-33.384094,-70.530151,1,13
-33.38216,-70.53534,1,13
-33.380903,-70.536344,0,13
-33.37832,-70.69237,0,13
-33.376814,-70.751059,0,13
-33.37591,-70.62466,0,13
-33.37339,-70.63702,0,13
-33.373032,-70.713119,0,13
-33.371886,-70.516337,0,13
-33.37039,-70.68301,0,13
-33.36941,-70.73201,0,13
-34.188412,-70.722987,0,06
-33.367912,-70.730079,0,13
-33.366413,-70.678487,0,13
-33.36584,-70.74663,0,13
-33.365996,-71.66858,0,05
-33.364909,-70.701825,0,13
-33.36385,-70.5446,1,13
-33.355737,-70.534952,0,13
-33.36342,-70.63279,0,13
-33.359821,-70.478189,0,13
-33.357673,-70.51444,0,13
-33.356811,-70.51602,0,13
-33.355208,-70.728179,0,13
-33.3545,-70.73798,0,13
-33.35423,-70.7204,0,13
-33.35261,-70.67705,0,13
-34.168116,-70.74192,0,06
-33.35232,-70.31119,0,13
-33.35185,-70.50999,0,13
-33.34334,-70.34427,0,13
-33.338702,-70.709106,0,13
-33.595409,-70.706485,0,13
-33.3144575,-71.4155514,1,05
-33.317995,-71.407885,0,05
-33.30806,-71.64341,0,05
-33.306105,-71.408313,0,05
-33.3043,-70.68902,0,13
-33.30198,-71.55914,0,05
-33.29053,-71.50131,0,05
-33.286284,-70.651801,0,13
-33.277449,-70.875532,0,13
-33.283002,-70.651101,0,13
-33.278421,-70.706219,0,13
-33.26732,-70.67869,0,13
-33.24185,-70.81415,0,13
-33.24024,-70.73676,0,13
-33.207481,-70.67783,0,13
-33.20598,-70.67055,0,13
-33.196072,-71.696375,0,05
-33.18413,-70.65366,0,13
-33.168029,-71.144169,0,05
-33.167423,-70.886852,0,13
-33.140344,-70.814156,0,13
-33.13582,-70.79946,0,13
-33.11286,-71.56602,0,05
-33.104275,-71.667925,0,05
-33.08679,-70.92452,1,13
-33.07437,-70.71767,0,13
-33.07336,-71.42185,0,05
-33.066338,-71.632927,0,05
-33.062157,-71.563256,0,05
-33.06084,-71.59249,0,05
-33.060044,-71.408797,0,05
-33.057969,-71.608047,0,05
-33.05854,-71.639,0,05
-33.05758,-71.56168,0,05
-33.05715,-71.37625,0,05
-33.05679,-71.58962,0,05
-33.058831,-71.577152,0,05
-33.05545,-71.39069,0,05
-33.05509,-71.622901,0,05
-33.05439,-71.46639,0,05
-33.05398,-71.10814,0,05
-33.053298,-71.601689,0,05
-32.7496,-70.726898,0,05
-33.052462,-71.609629,0,05
-33.052658,-71.609776,0,05
-33.052022,-71.608461,0,05
-33.051961,-71.433933,1,05
-33.05069,-71.43357,0,05
-33.050258,-71.611098,1,05
-33.049302,-71.616068,0,05
-33.04907,-71.63125,0,05
-33.048513,-71.436021,1,05
-33.048368,-71.444583,0,05
-33.0481,-71.56457,0,05
-33.04734,-71.61986,0,05
-33.04728,-71.444624,0,05
-34.586604,-70.985131,0,06
-33.047043,-71.445164,0,05
-33.04637,-71.53928,0,05
-33.045833,-71.606082,0,05
-33.488851,-70.651684,0,13
-33.04558,-71.58349,0,05
-33.045547,-71.622161,0,05
-33.045527,-71.62214,0,05
-33.045513,-71.622124,0,05
-33.045478,-71.388574,0,05
-33.045294,-71.611763,0,05
-33.045228,-71.611095,1,05
-33.04522,-71.616436,0,05
-33.045183,-71.612288,0,05
-33.044813,-71.37343,0,05
-36.843333,-73.093646,0,08
-33.044402,-71.618974,0,05
-33.044294,-71.621091,0,05
-33.044294,-71.621091,0,05
-33.044294,-71.621091,0,05
-33.044101,-71.621487,0,05
-33.043826,-71.624047,0,05
-33.043802,-71.616675,0,05
-33.043632,-71.62477,0,05
-33.04361,-71.624661,0,05
-33.043558,-71.625394,0,05
-33.029146,-70.694412,0,13
-33.04338,-71.36413,0,05
-33.0432,-71.63677,0,05
-33.443347,-70.645849,0,13
-33.042644,-71.430499,0,05
-33.04254,-71.623287,0,05
-33.042394,-71.604608,0,05
-33.04216,-71.64569,0,05
-33.041846,-71.40941,1,05
-33.04177,-71.4095,0,05
-33.039562,-71.629538,0,05
-33.039,-71.60079,0,05
-33.03846,-71.54191,0,05
-33.03779,-71.35684,1,05
-33.03775,-71.04649,0,05
-33.03759,-71.39434,0,05
-33.03356,-71.5826,0,05
-33.03199,-71.49637,0,05
-33.02969,-71.54019,0,05
-33.0294,-71.541725,1,05
-33.029048,-71.539064,1,05
-33.027697,-71.54334,0,05
-33.0273,-71.52461,0,05
-33.0273946,-71.5316122,1,05
-33.026552,-71.553094,0,05
-33.026528,-71.552858,0,05
-33.025962,-71.562164,0,05
-33.025962,-71.562164,0,05
-35.426785,-71.653994,0,07
-33.025154,-71.552534,0,05
-33.431268,-70.565863,0,13
-33.024958,-71.636778,0,05
-33.024041,-71.557124,0,05
-33.023685,-71.556267,0,05
-33.023627,-71.556257,0,05
-33.02285,-71.0724,0,05
-33.022638,-71.558248,0,05
-33.021285,-71.642513,0,05
-33.021062,-71.6417,0,05
-33.020806,-71.552962,0,05
-33.020345,-71.554138,0,05
-33.02028,-71.51541,0,05
-33.019367,-71.554957,0,05
-33.01902,-71.548014,0,05
-33.018282,-71.555556,0,05
-33.017635,-71.549595,0,05
-33.016273,-71.552062,0,05
-33.016216,-71.552341,0,05
-33.014384,-71.5486,0,05
-33.01411,-71.25876,0,05
-33.010777,-71.549369,0,05
-35.43496,-71.630492,0,07
-33.010253,-71.546741,0,05
-33.00999,-71.549408,1,05
-33.009804,-71.549679,0,05
-33.00839,-70.89243,0,13
-33.007476,-71.548026,0,05
-33.00451,-71.54079,0,05
-33.002879,-70.995242,0,13
-33.000255,-71.543503,0,05
-32.99864,-71.26843,1,05
-32.998382,-71.54382,1,05
-32.994608,-71.520496,0,05
-32.99447,-71.180597,1,05
-32.99443,-71.18069,0,05
-32.99377,-71.48583,0,05
-32.99235,-71.52554,0,05
-32.990852,-71.18101,1,05
-32.989417,-71.265741,0,05
-32.98786,-71.27724,0,05
-32.987834,-71.275264,0,05
-32.983854,-71.533631,1,05
-32.966229,-70.83538,0,13
-32.948495,-71.545601,0,05
-32.93843,-71.27772,0,05
-32.92877,-71.51498,0,05
-32.927958,-71.517054,0,05
-32.91644,-71.37564,0,05
-32.89197,-71.26188,0,05
-32.887134,-71.252848,1,05
-32.88484,-71.20739,0,05
-32.883672,-71.243207,0,05
-32.882883,-71.248407,0,05
-32.88192,-71.248064,0,05
-32.881511,-71.245977,0,05
-32.881496,-71.246434,0,05
-32.880592,-71.275803,0,05
-32.901916,-71.2521106,1,05
-32.87877,-71.25568,0,05
-32.86934,-71.26566,0,05
-32.861207,-70.628343,0,05
-32.853834,-71.120538,0,05
-32.845981,-70.118484,0,05
-32.84529,-70.68723,0,05
-32.8457755,-70.5860948,1,05
-32.84277,-70.95495,1,05
-32.84259,-70.9527,0,05
-32.84027,-71.14945,0,05
-32.840121,-70.608225,0,05
-32.8393,-70.60339,0,05
-32.835557,-70.600677,0,05
-32.833299,-70.601998,0,05
-32.831543,-70.592994,0,05
-32.831403,-70.592954,0,05
-32.831052,-70.603665,0,05
-32.829664,-70.59643,1,05
-32.82879,-71.22798,0,05
-32.828303,-71.042393,0,05
-32.818544,-71.175361,0,05
-32.80515,-70.57362,0,05
-32.79561,-70.55644,0,05
-32.795267,-71.193637,0,05
-32.7926,-71.20454,1,05
-32.79211,-71.22,0,05
-32.79018,-71.14913,0,05
-32.790085,-71.183588,1,05
-32.789967,-71.149183,1,05
-32.78995,-71.183408,0,05
-32.789924,-71.18349,0,05
-32.78842,-71.50361,0,05
-32.787753,-71.196715,0,05
-32.787317,-71.189874,0,05
-32.785163,-71.190025,0,05
-32.78363,-70.68865,0,05
-32.76792,-70.83473,0,05
-32.77924,-71.53116,1,05
-32.78241,-70.95961,0,05
-32.77523,-71.18897,0,05
-32.75884,-70.72563,0,05
-32.755124,-70.726929,0,05
-32.754063,-70.724696,0,05
-32.751969,-70.724571,0,05
-32.751969,-70.724571,0,05
-32.75076,-70.65742,0,05
-32.750579,-70.730035,0,05
-32.750123,-70.728958,0,05
-32.74977,-70.708992,1,05
-32.749454,-70.727348,0,05
-32.74234,-71.484444,1,05
-32.74232,-71.48447,0,05
-32.73886,-70.72659,0,05
-32.735431,-71.204376,1,05
-32.73541,-71.20428,0,05
-32.72584,-71.41611,0,05
-32.725809,-71.416118,1,05
-32.725757,-71.416042,1,05
-32.71099,-70.54447,0,05
-32.71085,-71.48888,0,05
-32.70201,-70.61752,0,05
-32.67774,-71.2228,0,05
-32.64595,-71.43069,0,05
-32.62253,-70.71812,0,05
-32.622065,-70.717848,1,05
-32.619019,-70.688607,1,05
-32.58274,-70.734,0,05
-32.56997,-70.69063,0,05
-32.56792,-71.27441,0,05
-32.567915,-71.416118,1,05
-32.554423,-71.274429,1,05
-32.554423,-71.455577,1,05
-32.55442,-71.45561,0,05
-32.508292,-71.455577,1,05
-32.508292,-71.435528,1,05
-32.50746,-71.43545,0,05
-32.48433,-70.93213,0,05
-32.45079,-71.23271,0,05
-32.45048,-71.23798,1,05
-32.45007,-71.233729,0,05
-32.440755,-71.200729,0,05
-32.43546,-71.31712,0,05
-32.429797,-71.228573,0,05
-32.428287,-71.067794,1,05
-32.424995,-71.06534,0,05
-32.42445,-70.91353,0,05
-32.394317,-71.094167,0,05
-32.391736,-71.376492,1,05
-32.39165,-71.3763,0,05
-32.361894,-71.160745,0,05
-32.34926,-70.78635,0,05
-32.34469,-71.46138,0,05
-32.335467,-71.181501,0,05
-32.33261,-71.40412,0,05
-32.320507,-71.290246,0,05
-32.28259,-71.01729,0,05
-32.25196,-70.92884,1,05
-32.23156,-71.50905,0,05
-32.23156,-71.50905,1,05
-32.23142,-70.85432,0,05
-32.13317,-71.37398,0,04
-32.11623,-71.4908,0,04
-32.1097,-71.31295,0,04
-32.08631,-71.16691,0,04
-31.9319,-71.13638,0,04
-31.91524,-71.51269,1,04
-31.89829,-70.68231,0,04
-31.896399,-70.622964,0,04
-31.88221,-70.95828,0,04
-31.88142,-70.72591,0,04
-31.86311,-70.84274,0,04
-31.84678,-70.84303,0,04
-31.81416,-71.16041,0,04
-31.79145,-71.05753,0,04
-31.77638,-70.96296,1,04
-31.752519,-71.15979,0,04
-31.73906,-70.94812,0,04
-31.73905,-71.12241,0,04
-31.73213,-71.25686,0,04
-31.730743,-70.832214,0,04
-31.72994,-70.8993,0,04
-31.72315,-71.19768,0,04
-31.64457,-71.3511,0,04
-31.63863,-71.1915,0,04
-31.63826,-71.17765,0,04
-31.637975,-71.17528,0,04
-31.63473,-71.173672,1,04
-31.630893,-71.16567,0,04
-31.629979,-71.163978,0,04
-31.62899,-71.36324,0,04
-31.59929,-71.43322,0,04
-31.59001,-71.06787,0,04
-31.58758,-71.44482,0,04
-31.576468,-70.997226,0,04
-31.57357,-71.53567,0,04
-31.55569,-70.84175,0,04
-31.53725,-71.37805,0,04
-31.43636,-71.01181,0,04
-31.41102,-71.08642,0,04
-31.39972,-71.45891,0,04
-31.39104,-71.3852,0,04
-31.29266,-71.36456,0,04
-31.28881,-71.42107,0,04
-31.26176,-71.00195,0,04
-31.23463,-71.23268,0,04
-31.22395,-70.9395,0,04
-31.19752,-71.42111,0,04
-31.17549,-71.00793,1,04
-31.12689,-71.60122,0,04
-31.12453,-70.83708,0,04
-31.11807,-71.15932,0,04
-31.10772,-70.90864,0,04
-31.08926,-70.95419,0,04
-31.07298,-71.14225,0,04
-31.06651,-71.40364,0,04
-31.04073,-71.0401,0,04
-31.03102,-71.17905,0,04
-31.017037,-70.580623,0,04
-31.00042,-70.9069,0,04
-30.96555,-70.76918,0,04
-30.95475,-71.06854,0,04
-30.950352,-71.501046,0,04
-30.95004,-71.1892,0,04
-30.8864,-71.01516,0,04
-30.88001,-71.40213,0,04
-30.85388,-70.70622,0,04
-30.84967,-70.76993,0,04
-30.848618,-71.146302,0,04
-30.836939,-70.978271,0,04
-30.83337,-71.25529,0,04
-30.80592,-70.5963,0,04
-30.76716,-70.94378,0,04
-30.763009,-71.543832,0,04
-30.75353,-70.85516,0,04
-30.75347,-70.84336,0,04
-30.75125,-71.40246,0,04
-30.751073,-70.675517,0,04
-30.72281,-71.3037,0,04
-30.723716,-70.772836,0,04
-30.69616,-70.95824,0,04
-30.63609,-71.11613,0,04
-30.61058,-71.20201,0,04
-30.603213,-71.204454,0,04
-30.603167,-71.201989,0,04
-30.601502,-71.202701,0,04
-30.600282,-71.200078,0,04
-30.599614,-71.200031,1,04
-30.59808,-71.19537,0,04
-30.595032,-71.180586,0,04
-30.59011,-71.19274,0,04
-30.583769,-71.190418,0,04
-30.57931,-71.40847,0,04
-30.57271,-71.16698,0,04
-30.49951,-71.15145,0,04
-30.47333,-71.03227,0,04
-30.4088,-70.93729,0,04
-30.396416,-70.872092,0,04
-30.38458,-70.59769,0,04
-30.348375,-71.559394,0,04
-30.33016,-70.74238,0,04
-30.29391,-70.62973,0,04
-30.27885,-70.67802,0,04
-30.25794,-71.4914,0,04
-30.22757,-71.08549,1,04
-30.19745,-71.22404,0,04
-30.19689,-71.42958,0,04
-30.1914,-70.48264,0,04
-30.12383,-70.49261,0,04
-30.09459,-70.49576,0,04
-30.05555,-71.25103,0,04
-30.04167,-70.6673,0,04
-30.034236,-70.717779,0,04
-30.03249,-70.77771,0,04
-30.02935,-70.71249,1,04
-30.02524,-70.51765,0,04
-30.02432,-70.69385,0,04
-30.02372,-70.63613,0,04
-30.00506,-70.81594,0,04
-29.99588,-71.33631,0,04
-29.978557,-71.21791,0,04
-29.97835,-70.95148,0,04
-29.97742,-71.05845,0,04
-29.97696,-70.55944,0,04
-29.97543,-71.3255,0,04
-29.97047,-71.33618,0,04
-29.968488,-71.337017,1,04
-29.967351,-71.339841,0,04
-29.96619,-71.341792,0,04
-29.965349,-71.346076,0,04
-29.96487,-71.347666,0,04
-29.96232,-71.25584,0,04
-29.959589,-71.340582,0,04
-35.444538,-71.688528,0,07
-29.958061,-71.339673,0,04
-29.95617,-71.24645,0,04
-29.954751,-71.338838,0,04
-29.95384,-71.337935,0,04
-29.95338,-70.9668,0,04
-29.95113,-71.34284,0,04
-29.9163,-71.246531,0,04
-29.940843,-71.146511,0,04
-29.933,-71.25839,0,04
-29.930189,-71.244862,0,04
-29.929711,-71.273838,0,04
-29.928694,-71.273029,0,04
-29.919188,-71.244922,0,04
-29.918252,-71.250296,0,04
-29.91626,-71.21862,0,04
-29.914547,-71.253322,0,04
-29.913763,-71.257268,0,04
-29.913719,-71.257255,0,04
-29.91363,-71.257219,0,04
-29.91345,-71.25599,0,04
-29.913108,-71.254171,0,04
-29.912815,-71.257043,1,04
-29.912648,-71.258171,0,04
-29.910815,-71.243025,0,04
-36.742209,-73.09863,0,08
-29.909072,-71.248748,0,04
-29.90893,-71.250236,0,04
-29.908928,-71.250362,0,04
-29.908191,-71.249732,1,04
-29.908086,-71.250361,0,04
-29.907367,-71.246888,0,04
-29.907367,-71.246888,0,04
-29.90574,-71.24967,0,04
-29.904838,-71.2544,0,04
-29.904356,-71.25315,0,04
-29.902762,-71.247023,0,04
-29.899754,-71.246781,0,04
-29.8993,-70.52039,0,04
-29.88972,-71.14064,0,04
-29.88142,-71.22459,0,04
-29.87829,-71.24509,0,04
-29.86831,-71.23022,0,04
-29.84629,-70.38954,0,04
-29.84133,-71.11923,0,04
-29.62403,-71.28221,0,04
-29.506922,-71.200171,0,04
-29.37295,-71.11493,0,04
-29.243,-71.46005,0,04
-29.22732,-71.01152,0,03
-29.10207,-71.40947,0,03
-29.09879,-70.46084,0,03
-29.03643,-70.89961,0,03
-28.9734,-70.15487,0,03
-28.95481,-70.89346,0,03
-28.93266,-70.46238,0,03
-28.87648,-70.28055,0,03
-28.7585,-70.48712,0,03
-28.59047,-70.7583,0,03
-28.581108,-70.750739,0,03
-28.580363,-70.753645,0,03
-28.578178,-70.762938,0,03
-28.57807,-70.74488,0,03
-28.577596,-70.757679,0,03
-28.577282,-70.758179,0,03
-28.576884,-70.75649,0,03
-28.576361,-70.756118,0,03
-28.574949,-70.782512,1,03
-28.574538,-70.763913,0,03
-28.57223,-70.76447,0,03
-28.57159,-70.760593,0,03
-28.526962,-70.869209,0,03
-28.50927,-71.07472,0,03
-28.47191,-71.1806,0,03
-28.46876,-71.21784,0,03
-28.47005,-71.2239365,1,03
-28.1486,-70.85886,0,03
-28.08227,-71.1478,0,03
-27.83214,-70.10507,0,03
-27.46876,-70.26674,0,03
-27.4142,-70.27118,0,03
-27.404793,-70.296269,0,03
-27.390755,-70.311638,0,03
-27.385957,-70.310018,0,03
-27.38332,-70.33549,0,03
-27.37934,-70.32242,0,03
-27.37772,-70.33865,0,03
-27.37562,-70.3158,0,03
-27.374892,-70.335739,0,03
-27.374451,-70.321366,0,03
-27.373352,-70.322127,1,03
-27.373153,-70.330119,0,03
-33.507143,-70.759072,0,13
-27.371246,-70.332816,0,03
-27.371073,-70.332497,0,03
-27.370177,-70.330924,0,03
-27.369464,-70.339569,0,03
-27.368912,-70.329926,0,03
-27.36889,-70.332043,0,03
-27.36883,-70.31212,0,03
-27.368594,-70.331861,0,03
-27.368322,-70.326232,0,03
-27.367979,-70.327237,0,03
-27.367851,-70.33128,0,03
-27.366805,-70.330155,0,03
-27.366078,-70.330404,0,03
-27.36603,-70.330457,0,03
-27.365862,-70.335886,0,03
-27.365673,-70.327446,0,03
-27.365631,-70.332056,0,03
-27.365631,-70.332056,0,03
-27.365548,-70.327842,0,03
-27.365484,-70.327792,0,03
-27.365449,-70.327758,1,03
-27.36407,-70.332056,0,03
-27.363612,-70.328049,0,03
-27.363342,-70.332782,0,03
-27.36285,-70.32848,0,03
-27.361986,-70.32538,0,03
-27.36075,-70.34532,0,03
-27.3596,-70.32636,0,03
-27.34965,-70.34849,0,03
-27.150381,-109.4210358,1,05
-27.07367,-70.82495,0,03
-27.067043,-70.825373,0,03
-26.752451,-69.905133,0,03
-26.42438,-70.3204,0,03
-26.39246,-70.05233,1,03
-26.391204,-70.049947,0,03
-26.34715,-70.61731,1,03
-26.33715,-70.61511,0,03
-26.25326,-69.62221,0,03
-26.244865,-69.631229,0,03
-25.40817,-70.48121,1,02
-25.00953,-70.46516,0,02
-23.6539304,-70.4016564,1,02
-23.68293,-68.06543,0,02
-23.677292,-70.409405,0,02
-23.667505,-70.403568,0,02
-23.66716,-70.40338,0,02
-23.666927,-70.401556,1,02
-23.66643,-70.405165,0,02
-23.665022,-70.39941,0,02
-23.664591,-70.403285,0,02
-23.663299,-70.401296,0,02
-23.663213,-70.399302,0,02
-23.663154,-70.399219,0,02
-23.663112,-70.397763,0,02
-23.662163,-70.399985,0,02
-23.660427,-70.396822,0,02
-23.660281,-70.3967,0,02
-23.660129,-70.395766,0,02
-23.655256,-70.402863,0,02
-23.654857,-70.402128,0,02
-23.654844,-70.402106,0,02
-23.654689,-70.401902,0,02
-23.654669,-70.401919,0,02
-23.654651,-70.402392,0,02
-23.654589,-70.402197,0,02
-23.654254,-70.400924,0,02
-23.654181,-70.400929,0,02
-23.653918,-70.402197,0,02
-33.43976,-70.655162,0,13
-23.653479,-70.392216,0,02
-23.653067,-70.400366,0,02
-23.652929,-70.401968,0,02
-23.652899,-70.398433,0,02
-23.652899,-70.398433,0,02
-23.652619,-70.396096,0,02
-23.65252,-70.400723,0,02
-23.652372,-70.395986,0,02
-23.652005,-70.39936,0,02
-23.651719,-70.401719,0,02
-23.651659,-70.394485,0,02
-23.651184,-70.399019,0,02
-23.65102,-70.38557,0,02
-38.741691,-72.590563,0,09
-23.649819,-70.399385,0,02
-23.64878,-70.399858,0,02
-23.648138,-70.399518,1,02
-23.647897,-70.399268,0,02
-23.647609,-70.394897,0,02
-23.647275,-70.39995,0,02
-23.646991,-70.399868,0,02
-23.646652,-70.395249,0,02
-23.646652,-70.395249,0,02
-23.646517,-70.398798,0,02
-23.645396,-70.399119,0,02
-23.645252,-70.398044,0,02
-23.645239,-70.39803,0,02
-23.645191,-70.398916,1,02
-23.639807,-70.396827,0,02
-23.62895,-70.38022,0,02
-23.626645,-70.380337,0,02
-23.616852,-70.385924,1,02
-23.61557,-70.38295,0,02
-23.59692,-70.38053,0,02
-23.592734,-70.390318,0,02
-23.591548,-70.390014,0,02
-23.59124,-67.89035,0,02
-23.589208,-70.391678,0,02
-23.588614,-70.391235,0,02
-23.58717,-70.3763,0,02
-23.58193,-70.3812,0,02
-23.56979,-70.37694,0,02
-23.569147,-70.379095,1,02
-23.335961,-69.846695,0,02
-23.189834,-68.005229,0,02
-23.10267,-70.44633,1,02
-23.100401,-70.447757,0,02
-23.09903,-70.39965,0,02
-22.91066,-68.19927,0,02
-22.890828,-69.320938,0,02
-22.466097,-68.927601,0,02
-22.466078,-68.927557,0,02
-22.46569,-68.927239,0,02
-22.465628,-68.927258,0,02
-22.465574,-68.927277,0,02
-22.465554,-68.927285,0,02
-22.465252,-68.927373,0,02
-22.465248,-68.927344,0,02
-22.465216,-68.927347,0,02
-22.465079,-68.926982,0,02
-22.463156,-68.925288,0,02
-22.463118,-68.925288,0,02
-38.73279,-72.615395,0,09
-22.459798,-68.923346,0,02
-22.45922,-68.93024,0,02
-22.458269,-68.929708,0,02
-22.45451,-68.93982,0,02
-22.453692,-68.907985,1,02
-22.453512,-68.929086,0,02
-22.453325,-68.914276,0,02
-22.452068,-68.928719,0,02
-22.451638,-68.929121,1,02
-22.451626,-68.929187,0,02
-22.449644,-68.904573,0,02
-22.448493,-68.928138,0,02
-22.445201,-68.918257,1,02
-22.44255,-68.92742,0,02
-22.440256,-68.921402,0,02
-22.439451,-68.921118,0,02
-22.439148,-68.922735,0,02
-22.43891,-68.9356,0,02
-22.433407,-68.922231,0,02
-22.34247,-68.6497,0,02
-22.341778,-69.665033,0,02
-22.34109,-69.66425,0,02
-22.33517,-68.21267,0,02
-22.27864,-68.32189,0,02
-22.09601,-70.204641,0,02
-22.09567,-70.205449,0,02
-22.088517,-70.19273,1,02
-21.66061,-69.53504,0,02
-21.22489,-68.25563,0,02
-21.113403,-70.119718,0,01
-21.005193,-68.804842,0,01
-20.826793,-68.657633,0,01
-20.70232,-70.18737,0,01
-20.51356,-69.36094,0,01
-20.48937173,-69.33389651,0,01
-20.431055,-69.561453,0,01
-20.33562,-69.65496,0,01
-20.289219,-70.10231,0,01
-20.28711,-70.10386,0,01
-20.27781,-70.08402,0,01
-20.26501,-70.10063,0,01
-20.263612,-70.12843,0,01
-20.26129,-69.78268,0,01
-20.255343,-70.130893,0,01
-20.252962,-69.786549,0,01
-20.251687,-70.109569,0,01
-20.25017,-70.12809,0,01
-20.246322,-70.128497,0,01
-20.244035,-70.140576,0,01
-20.240813,-70.054424,0,01
-20.239331,-70.138145,0,01
-20.239038,-70.141015,0,01
-20.237871,-70.149721,0,01
-20.23686,-70.13644,0,01
-20.230142,-70.142908,0,01
-20.229515,-70.145039,0,01
-20.22626,-70.13466,0,01
-20.224602,-70.134139,0,01
-20.223013,-70.147598,0,01
-20.222861,-70.146104,0,01
-20.222856,-70.147043,0,01
-20.222771,-70.147578,1,01
-20.221153,-70.139852,0,01
-20.220655,-70.148458,0,01
-20.220018,-70.150272,0,01
-20.219684,-70.149097,0,01
-20.219036,-70.149374,0,01
-20.2183,-70.15497,1,01
-20.217454,-70.153063,0,01
-20.21728,-70.147915,0,01
-20.216887,-70.155056,0,01
-20.215864,-70.150174,0,01
-20.215357,-70.156666,0,01
-20.215119,-70.152317,0,01
-20.215119,-70.152317,0,01
-20.214354,-70.138931,1,01
-39.813023,-73.242471,0,14
-20.21276,-70.151481,0,01
-20.211755,-70.151337,0,01
-20.211749,-70.148042,0,01
-20.209289,-70.149075,0,01
-20.20964,-70.14367,0,01
-20.072856,-69.275229,0,01
-20.07183,-69.21624,0,01
-19.99547,-69.76884,0,01
-19.92334,-69.51023,0,01
-19.86584,-69.43253,0,01
-19.85503,-68.60098,0,01
-19.78278,-69.17311,0,01
-19.59649,-70.21126,0,01
-19.53669,-69.20615,0,01
-19.4692,-68.64482,0,01
-19.35076,-69.5144,0,01
-19.31296,-69.42739,0,01
-19.27507,-68.64021,0,01
-19.22906,-68.804202,0,01
-18.83323,-69.74486,0,15
-18.58171,-69.4944,0,15
-18.57422,-70.05582,0,15
-18.548566,-70.248665,0,15
-18.544416,-70.250049,0,15
-18.51829,-70.17858,0,15
-18.49939,-70.3088,0,15
-18.497483,-70.285827,0,15
-18.488017,-70.29478,0,15
-18.486288,-70.304076,0,15
-18.486254,-70.304056,0,15
-18.485004,-70.290756,0,15
-18.484918,-70.303977,0,15
-18.484664,-70.303464,0,15
-18.484358,-70.307222,0,15
-18.484358,-70.305399,0,15
-18.484229,-70.308033,0,15
-18.483999,-70.307383,0,15
-18.48392,-70.28242,0,15
-18.483867,-70.309832,0,15
-18.483846,-70.309716,0,15
-33.043051,-71.622534,0,05
-18.483419,-70.316845,0,15
-18.483417,-70.306769,1,15
-18.483258,-70.306468,0,15
-33.044539,-71.377079,0,05
-18.482723,-70.311666,0,15
-18.482569,-70.308406,0,15
-18.482478,-70.312948,1,15
-18.482095,-70.314227,0,15
-18.482083,-70.306514,0,15
-18.481895,-70.313408,0,15
-18.481642,-70.315702,0,15
-18.481517,-70.311834,0,15
-18.480378,-70.321294,0,15
-18.48023,-70.30818,0,15
-18.479176,-70.299813,0,15
-18.478707,-70.319442,0,15
-33.010534,-71.547783,0,05
-18.477644,-70.320689,0,15
-18.47684,-70.29603,0,15
-18.472919,-70.312264,0,15
-18.469418,-70.301056,0,15
-18.469364,-70.300944,0,15
-33.011337,-71.549459,0,05
-18.4681,-69.51474,0,15
-18.465493,-70.298874,0,15
-18.46524,-70.295279,0,15
-18.45246,-70.06734,0,15
-18.43766,-70.29081,0,15
-18.42689,-70.29055,0,15
-18.315163,-70.312928,0,15
-18.19761,-69.55734,0,15
-17.59487,-69.48047,0,15
-33.469381,-70.646077,0,13
-34.063801,-70.719597,0,06
-33.025908,-71.547465,0,05
-36.780796,-73.046077,0,08
-36.736798,-73.103759,0,08
-34.28718,-71.080633,0,06
-41.469689,-72.906836,0,10
-35.442551,-71.698569,0,07
-37.470928,-72.347016,0,08
-33.50403,-70.5783,0,13
-23.651956,-70.402096,0,02
-33.402602,-70.534943,0,13
-23.653497,-70.399876,0,02
-33.417453,-70.654702,0,13
-53.122211,-70.896216,0,12
-33.355223,-70.51838,0,13
-34.586541,-70.990622,0,06
-22.447825,-68.920359,0,02
-33.432343,-70.618401,0,13
-23.649519,-70.399468,0,02
-33.412799,-70.579846,0,13
-36.62993,-72.79473,0,08
-22.468818,-68.926712,0,02
-22.463379,-68.923531,0,02
-22.442727,-68.924477,0,02
-32.788483,-71.503542,1,05
-34.63708,-71.368281,0,06
-35.446927,-71.689599,0,07
-29.914302,-71.255358,0,04
-33.397112,-70.584073,0,13
-34.178365,-70.711909,0,06
-37.004212,-73.159961,1,08
-35.43073,-71.615477,0,07
-35.428755,-71.62603,0,07
-34.13686,-70.74091,0,06
-41.469648,-72.927237,0,10
-32.645939,-71.430647,1,05
-33.45267,-70.848608,0,13
-38.734435,-72.614077,0,09
-33.415456,-70.595716,0,13
-41.479712,-72.980895,0,10
-27.073634,-70.824478,0,03
-27.371346,-70.33183,0,03
-40.583183,-73.121793,0,10
-33.398481,-70.585848,0,13
-33.427625,-70.592504,0,13
-33.402192,-70.578248,0,13
-33.430742,-70.624535,0,13
-40.29506,-73.084252,0,14
-33.394459,-70.54671,0,13
-33.730462,-70.741188,0,13
-33.492238,-70.667612,0,13
-34.390994,-71.170303,0,06
-33.042596,-71.604549,0,05
-33.043937,-71.617987,0,05
-39.817647,-73.238688,0,14
-23.582787,-70.392697,0,02
-34.183828,-70.720651,0,06
-33.42481,-70.654548,0,13
-33.425065,-70.61104,0,13
-39.280274,-72.225623,0,09
-35.969546,-72.315268,0,07
-30.055551,-71.25103,1,04
-30.257939,-71.491396,1,04
-31.638634,-71.1915,1,04
-30.767159,-70.943783,1,04
-18.482573,-70.312149,0,15
-33.44026,-70.646068,0,13
-33.447781,-70.637548,0,13
-33.51762,-70.601889,0,13
-36.831266,-73.057685,0,08
-29.914427,-71.255732,0,04
-33.427423,-70.610581,0,13
-33.042075,-71.623341,0,05
-31.915316,-71.510446,0,04
-33.422891,-70.604385,0,13
-33.445085,-70.65765,0,13
-33.489949,-70.544831,1,13
-39.813459,-73.239192,0,14
-33.439095,-70.647738,0,13
-33.454426,-70.606317,0,13
-33.521041,-70.601579,0,13
-33.422268,-70.608105,0,13
-33.512817,-70.756947,0,13
-33.680244,-71.210076,0,13
-33.440183,-70.629898,0,13
-33.396728,-70.793985,0,13
-33.574351,-70.630651,0,13
-33.455123,-70.592696,0,13
-33.423456,-70.608982,0,13
-33.45749,-70.595679,0,13
-33.437888,-70.62546,0,13
-33.439958,-70.655927,0,13
-33.393662,-70.560466,0,13
-33.28311,-70.75783,0,13
-33.468513,-70.67147,0,13
-33.047093,-71.625964,0,05
-34.58755,-70.9878,0,06
-39.815909,-73.238458,0,14
-39.810812,-73.242363,0,14
-33.045833,-71.606082,0,05
-53.139935,-70.901245,0,12
-32.835245,-70.594216,0,05
-18.447682,-70.289821,0,15
-18.481155,-70.319095,0,15
-35.835341,-71.597757,0,07
-33.433754,-70.64303,0,13
-33.48515,-70.557479,0,13
-28.581652,-70.751167,0,03
-22.46306,-68.923139,0,02
-37.476696,-72.351206,0,08
-33.424747,-70.60306,0,13
-33.478094,-70.530655,0,13
-36.924206,-73.021435,0,08
-33.364238,-70.670141,0,13
-33.432319,-70.618296,0,13
-40.294862,-73.082994,0,14
-20.228767,-70.142395,0,01
-27.367077,-70.331497,0,03
-39.815909,-73.246958,0,14
-27.36712,-70.328344,0,03
-39.815905,-73.247054,0,14
-23.65492,-70.402182,0,02
-27.364793,-70.327396,1,03
-33.517621,-70.598094,0,13
-39.830501,-73.241339,0,14
-27.365946,-70.329261,0,03
-35.426858,-71.672329,0,07
-27.36199,-70.326286,0,03
-27.397658,-70.294393,0,03
-36.601707,-72.094174,0,16
-20.221513,-70.139383,0,01
-38.739338,-72.596903,0,09
-36.143956,-71.811968,0,07
-35.532427,-71.485392,0,07
-35.96896,-72.320479,0,07
-35.841736,-71.601995,0,07
-20.22164,-70.148135,0,01
-33.602324,-71.613434,0,05
-36.839302,-73.119241,0,08
-33.43546,-70.626228,0,13
-33.417102,-70.59986,0,13
-33.432345,-70.618232,0,13
-33.437015,-70.62658,0,13
-33.429129,-70.645243,0,13
-33.412032,-70.579692,0,13
-33.428163,-70.646903,0,13
-33.404442,-70.766639,0,13
-33.604051,-70.576459,0,13
-33.532769,-70.663368,0,13
-33.491598,-70.667044,0,13
-22.71075,-70.27598,0,02
-38.679986,-72.502998,1,09
-33.011138,-71.543974,0,05
-36.831717,-73.059137,0,08
-33.05218,-71.35969,0,05
-38.740642,-72.588448,0,09
-33.443322,-70.646965,0,13
-28.576272,-70.755906,0,03
-20.255302,-70.130845,0,01
-34.387772,-72.005238,0,06
-26.07658,-68.979739,0,03
-32.448066,-71.232696,0,05
-32.8826,-71.249145,0,05
-35.10736,-71.30023,0,07
-33.478138,-70.75496,1,13
-37.4746238,-72.3507775,0,08
-33.498106,-70.75715,0,13
-27.366847,-70.330283,0,03
-34.177495,-70.700235,0,06
-34.172092,-70.715453,0,06
-33.414672,-70.588705,0,13
-33.733317,-70.744362,0,13
-41.46318,-72.937708,0,10
-41.46318,-72.937708,0,10
-41.46318,-72.937708,0,10
-27.359598,-70.326363,0,03
-34.169553,-70.742124,0,06
-22.463061,-68.923121,0,02
-23.663202,-70.399299,0,02
-33.436426,-70.625845,0,13
-37.473468,-73.348429,0,08
-33.013132,-71.546815,0,05
-33.454306,-70.606482,0,13
-33.4419362,-70.6417795,0,13
-53.296355,-70.37067,0,12
-33.444938,-70.603983,0,13
-33.436564,-70.631485,0,13
-33.407213,-70.5727,0,13
-32.748915,-70.722435,0,05
-33.478032,-70.754464,0,13
-33.407161,-70.55977,0,13
-20.294599,-70.09706,1,01
-33.510869,-70.756417,0,13
-33.451389,-70.570432,0,13
-33.48943,-70.65066,0,13
-33.544018,-70.667283,0,13
-33.50103,-70.710397,0,13
-41.869753,-73.829547,0,10
-41.471317,-72.937428,0,10
-34.187624,-70.719305,0,06
-33.68626,-71.214278,0,13
-33.425938,-70.617403,0,13
-33.511013,-70.759508,0,13
-33.734343,-70.73789,0,13
-33.592945,-70.695833,0,13
-33.424362,-70.612875,0,13
-33.61072,-70.880701,0,13
-33.435885,-70.678968,0,13
-33.556345,-70.791631,0,13
-35.436677,-71.611342,0,07
-33.44203,-70.651146,0,13
-33.606543,-70.576844,0,13
-33.38556,-70.81815,0,13
-32.887428,-71.252841,0,05
-34.971654,-71.209401,0,07
-39.450049,-72.765657,0,14
-40.07077,-72.866279,0,14
-33.405834,-70.569796,0,13
-37.59832,-73.642175,1,08
-33.455286,-70.598373,0,13
-23.565925,-70.390354,0,02
-32.880336,-71.253954,0,05
-36.828118,-73.054951,0,08
-37.026143,-73.147684,0,08
-26.07648,-68.979775,0,03
-28.180895,-69.533515,0,03
-27.109496,-70.330192,0,03
-26.431736,-69.485251,0,03
-27.420459,-70.258519,0,03
-27.484466,-70.281417,0,03
-28.287688,-70.81745,0,03
-28.469298,-71.25105,0,03
-27.528562,-70.310771,0,03
-32.984713,-71.533587,0,05
-34.203925,-70.749813,0,06
-33.057066,-71.58891,0,05
-29.903803,-71.250228,0,04
-27.545725,-69.282408,0,03
-27.567988,-69.267997,0,03
-28.157089,-69.785723,0,03
-27.61492,-69.342802,0,03
-27.525252,-70.31608,0,03
-26.561353,-70.325808,0,03
-26.42906,-70.324023,0,03
-39.280303,-72.231409,0,09
-39.486854,-72.160332,0,09
-29.910085,-71.251196,0,04
-33.022616,-71.559784,0,05
-34.169692,-70.741677,0,06
-36.829499,-73.043282,0,08
-34.166602,-70.743165,0,06
-38.737601,-72.594891,0,09
-37.278881,-72.713979,0,08
-23.595606,-70.396201,0,02
-22.457378,-68.928907,0,02
-29.915564,-71.247468,0,04
-33.046518,-71.617253,0,05
-34.172435,-70.715705,0,06
-29.963568,-71.335922,0,04
-30.036875,-70.711661,0,04
-31.77394,-70.971062,0,04
-30.603825,-71.203543,0,04
-39.830109,-73.224944,0,14
-29.916003,-71.248968,0,04
-29.901865,-71.249892,0,04
-30.60066,-71.201986,0,04
-29.961422,-71.339046,0,04
-29.904365,-71.253935,0,04
-29.91653,-71.250864,0,04
-33.516067,-70.597195,0,13
-33.554228,-70.587099,0,13
-33.489373,-70.650664,0,13
-33.286691,-70.700777,0,13
-33.432437,-70.612965,0,13
-27.365654,-70.327483,0,03
-35.426392,-71.659569,0,07
-29.910644,-71.255086,0,04
-33.44561,-70.654144,0,13
-33.43384,-70.601916,0,13
-26.828425,-69.263703,0,03
-33.464018,-70.642346,0,13
-33.436768,-70.646957,0,13
-22.450546,-68.904954,0,02
-22.454534,-68.922233,0,02
-33.445987,-70.653492,0,13
-36.832093,-73.054335,0,08
-36.838981,-73.093539,0,08
-23.69493,-70.415947,0,02
-29.925292,-71.25871,0,04
-18.483641,-70.316594,0,15
-33.432643,-70.613329,0,13
-33.016841,-71.552159,0,05
-33.423249,-70.61001,0,13
-35.424604,-71.668152,0,07
-35.967928,-72.310176,0,07
-33.661967,-70.928508,0,13
-33.504518,-70.655528,0,13
-33.469917,-70.574352,0,13
-33.284759,-70.87691,0,13
-33.732316,-70.742914,0,13
-33.405887,-70.647641,0,13
-33.189035,-70.674966,0,13
-33.440548,-70.535187,0,13
-27.069149,-70.829055,0,03
-26.248153,-69.629215,0,03
-29.910189,-71.248652,0,04
-29.964717,-71.348098,0,04
-33.472247,-70.646776,0,13
-33.447289,-70.632653,0,13
-33.590474,-70.702648,0,13
-35.436699,-71.611578,0,07
-39.234533,-71.824486,0,09
-35.430554,-71.603289,0,07
-18.484611,-70.302642,0,15
-18.48259,-70.311847,0,15
-18.4844,-70.309196,0,15
-18.479011,-70.312325,0,15
-18.482561,-70.311631,0,15
-18.482161,-70.313115,0,15
-18.483971,-70.31058,0,15
-18.483973,-70.30921,0,15
-18.482338,-70.311414,0,15
-41.080106,-72.641119,0,10
-18.482595,-70.311843,0,15
-38.660089,-72.713218,1,09
-39.234574,-71.824522,1,09
-33.401971,-70.515873,0,13
-38.708478,-71.217513,0,09
-18.485635,-70.300046,0,15
-18.478605,-70.319411,0,15
-18.451225,-70.297065,0,15
-18.482595,-70.311843,0,15
-18.487928,-70.303658,0,15
-18.479809,-70.319778,0,15
-18.481936,-70.315513,0,15
-18.482403,-70.311953,0,15
-33.003208,-71.263916,0,05
-18.472726,-70.314981,0,15
-18.482595,-70.311843,0,15
-18.482595,-70.311843,0,15
-18.482083,-70.312996,0,15
-18.484277,-70.307737,0,15
-18.483673,-70.310838,0,15
-18.482329,-70.311411,0,15
-35.428455,-71.664434,0,07
-33.451597,-70.650133,0,13
-26.386535,-70.046041,0,03
-32.447875,-71.232655,0,05
-32.795272,-71.534721,0,05
-18.486555,-70.304068,0,15
-18.478429,-70.302117,0,15
-18.480359,-70.309027,0,15
-18.482595,-70.311843,0,15
-18.478537,-70.30987,0,15
-18.482561,-70.311631,0,15
-18.483775,-70.307272,0,15
-18.485281,-70.302849,0,15
-18.482595,-70.311843,0,15
-18.483817,-70.30761,0,15
-18.478893,-70.31793,0,15
-27.369298,-70.329839,0,03
-18.472648,-70.284426,0,15
-18.482595,-70.311843,0,15
-18.482499,-70.312342,0,15
-29.949695,-71.276347,0,04
-29.948169,-71.28446,0,04
-32.828776,-71.227984,1,05
-32.284304,-70.972449,0,05
-33.44024,-70.648852,0,13
-33.572747,-70.583596,0,13
-33.371865,-70.518403,0,13
-33.414309,-70.584314,0,13
-33.418905,-70.601907,0,13
-33.424016,-70.610365,0,13
-33.455407,-70.595231,0,13
-33.386836,-70.566625,0,13
-33.045086,-71.422638,0,05
-33.588972,-71.611243,0,05
-27.365342,-70.32581,0,03
-28.577387,-70.757227,0,03
-36.821112,-73.040121,0,08
-27.362896,-70.329972,0,03
-33.572747,-70.583596,0,13
-34.982857,-71.237889,0,07
-37.458771,-72.3552,0,08
-28.574589,-70.761651,0,03
-27.379,-70.331616,0,03
-33.418119,-70.656553,0,13
-33.542692,-70.56981,0,13
-46.536744,-71.73082,0,11
-39.279614,-72.224729,0,09
-38.743132,-72.591451,0,09
-29.946188,-71.241042,0,04
-29.933825,-71.238279,0,04
-34.167828,-70.741,0,06
-33.470669,-70.736668,0,13
-18.483883,-70.310259,0,15
-38.739844,-72.586547,0,09
-45.573564,-72.062874,0,11
-20.334401,-69.659814,1,01
-33.585414,-70.635858,0,13
-39.476195,-72.599101,0,14
-35.423418,-71.667934,0,07
-36.746946,-72.290353,0,16
-39.486893,-72.161316,0,09
-38.740886,-72.588194,0,09
-37.794485,-72.705386,0,09
-36.432411,-71.959588,0,16
-36.623149,-71.833989,0,16
-36.601337,-72.100101,0,16
-33.42016948,-70.60408176,0,13
-33.05878054,-71.57717452,1,05
-38.23331946,-72.33022588,0,09
-35.42329374,-71.65280494,0,07
-35.33155929,-72.41513406,0,07
-18.48780033,-70.30487657,0,15
-33.50128342,-70.75702784,0,13
-38.73252165,-72.61282959,0,09
-38.24737916,-72.66505031,0,09
-39.28822196,-72.22627677,0,09
-36.14434968,-71.82121071,0,07
-39.28207172,-72.22509429,0,09
-38.73692453,-72.59031494,0,09
-38.73692453,-72.59031494,0,09
-38.73374364,-72.61208397,0,09
-38.73732291,-72.60578623,0,09
-38.73523911,-72.6069611,0,09
-37.79603438,-72.7091346,0,09
-38.74059154,-72.58851969,0,09
-39.28247206,-72.22675304,0,09
-38.25042591,-72.66797406,0,09
-38.74205893,-72.59097477,0,09
-38.74090556,-72.58819278,0,09
-38.73692453,-72.59031494,0,09
-38.95632499,-72.62605143,0,09
-38.23343586,-72.34811363,0,09
-39.28207172,-72.22509429,0,09
-38.75924897,-72.59189936,0,09
-39.28169893,-72.22864561,0,09
-18.48225952,-70.31010935,0,15
-18.4883948,-70.30424855,0,15
-18.4838903,-70.30739713,0,15
-18.48654915,-70.30408837,0,15
-18.48490872,-70.30582318,0,15
-18.48367716,-70.30829064,0,15
-18.48081671,-70.30918491,0,15
-18.48257617,-70.31225857,0,15
-18.48697702,-70.30458931,0,15
-38.75917016,-72.59282855,0,09
-38.73591623,-72.5941328,0,09
-33.40792994,-70.69808775,0,13
-38.73656401,-72.59121349,0,09
-38.73985279,-72.59279092,0,09
-41.77615385,-73.12788002,0,10
-38.71667218,-72.6518313,0,09
-38.53001973,-72.43361231,0,09
-38.74217222,-72.59232288,0,09
-38.74280801,-72.58998351,0,09
-38.74311525,-72.95157059,0,09
-38.71075607,-72.65789617,0,09
-38.73437574,-72.61409505,0,09
-38.74280801,-72.58998351,0,09
-38.73692453,-72.59031494,0,09
-27.36706915,-70.33296212,0,03
-34.97144324,-71.22043915,0,07
-33.40792821,-70.69810721,0,13
-36.14127776,-71.82963308,0,07
-35.43665111,-71.6113023,0,07
-33.52541998,-70.76765972,1,13
-35.84567643,-71.60107572,0,07
-35.42853922,-71.66446737,0,07
-35.42853922,-71.66446737,0,07
-35.43665111,-71.6113023,0,07
-34.98122126,-71.24333335,0,07
-35.6017197,-71.7294525,0,07
-35.43665111,-71.6113023,0,07
-35.42441028,-71.66622696,0,07
-35.5935147,-71.73378995,0,07
-35.4446297,-71.68861498,0,07
-38.73818764,-72.61787255,0,09
-38.7372763,-72.62724537,0,09
-38.73191879,-72.61726015,0,09
-38.7420882,-72.5909533,0,09
-38.7373098,-72.62724,0,09
-38.7363232,-72.6068238,0,09
-38.9966982,-73.0898311,0,09
-39.2752359,-71.9704423,0,09
-33.3996048,-70.5538981,0,13
-35.4300968,-71.627003,0,07
-35.6963049,-71.4040191,0,07
-35.9642412,-71.6859117,0,07
-34.9854592,-71.2258492,0,07
-35.428329,-71.6260985,0,07
-34.87037855,-71.1630784,0,07
-39.28169893,-72.22864561,0,09
-34.307975,-71.019509,0,06
-33.4663851,-70.5880782,0,13
-36.8049816,-73.0239347,0,08
-40.2959321,-73.0804712,0,14
-40.813011,-72.991242,0,10
-23.65479438,-70.40205953,0,02
-23.65479254,-70.40205349,0,04
-33.4003321,-70.5991944,0,13
-33.4426772,-70.6480359,0,13
-33.38657,-70.619211,0,13
-53.13262661,-70.87621034,0,12
-33.553127,-70.764203,0,13
-34.98912,-71.2373,0,07
-33.4309749,-70.6369964,0,13
-33.59433052,-70.71094215,0,13
-33.4779699,-70.5412219,0,13
-35.42386707,-71.66708025,0,07
-33.36048008,-70.51525999,0,13
-35.42845746,-71.66433982,0,07
-35.5331769,-71.4849874,0,07
-34.9875007,-71.2351217,0,07
-35.8453357,-71.5946986,0,07
-35.8458764,-71.5932251,0,07
-35.4309678,-71.627423,0,07
-34.9796429,-71.2393101,0,07
-35.75066001,-71.58950326,0,07
-35.839299,-71.6063552,0,07
-35.42329558,-71.65279801,0,07
-35.4213427,-71.6680214,0,07
-38.7370992,-72.5890637,0,09
-35.44362662,-71.6869066,0,07
-35.4334766,-71.6089151,0,07
-41.313291,-72.987584,0,10
-41.4683297,-72.9274972,0,10
-29.9299537,-71.2427112,0,04
-35.4327327,-71.6228027,0,07
-35.43673,-71.61156,0,07
-35.43673,-71.61156,0,07
-34.9864809,-71.228441,0,07
-35.4271861,-71.6669121,0,07
-35.5943204,-71.73236697,0,07
-35.4292973,-71.6264762,0,07
-35.6987045,-71.4066853,0,07
-36.60431,-72.12055,0,16
-39.8139712,-73.2551308,0,14
-27.3670887,-70.331482,0,03
-38.7372753,-72.5885507,0,09
-33.6918733,-71.2233852,1,13
-37.982093,-72.836875,1,09
-38.06392079,-72.37442048,1,09
-37.67281367,-72.58082259,1,09
-37.7956571,-72.47244353,1,09
-38.81407626,-71.28117235,1,09
-38.1671597,-72.90217021,1,09
-32.34915451,-70.78638905,1,05
-35.43002596,-71.62678951,0,07
-33.0135626,-71.5494128,0,05
-36.825232,-73.0407676,0,08
-39.81775956,-73.24159611,0,14
-41.31852281,-72.98311375,0,10
-41.46548471,-72.93935574,0,10
-41.47204103,-72.94812577,0,10
-42.47787195,-73.76546302,0,10
-43.11770468,-73.62196043,0,10
-41.31849412,-72.98318909,0,10
-42.47934129,-73.76779998,0,10
-41.47029309,-72.94056017,0,10
-42.488902,-73.7787038,0,10
-33.45413644,-70.6065274,0,13
-36.6028266,-72.10285373,0,16
-34.98750858,-71.23974022,0,07
-36.13988446,-71.82235333,0,07
-34.98863072,-71.2367333,0,07
-35.43672896,-71.61156249,0,07
-35.43672896,-71.61156249,0,07
-34.98631477,-71.24004239,0,07
-35.42929722,-71.62647634,0,07
-36.14193815,-71.82384767,0,07
-34.98489179,-71.22492953,0,07
-35.42741354,-71.61795208,0,07
-35.42848726,-71.66435606,0,07
-35.43672896,-71.61156249,0,07
-35.42848726,-71.66435606,0,07
-34.98532518,-71.22560795,0,07
-41.77122347,-73.12879513,0,10
-35.96952562,-72.3152903,0,07
-35.74687504,-71.58243608,0,07
-35.43672896,-71.61156249,0,07
-35.44023766,-71.68273487,0,07
-35.42848726,-71.66435606,0,07
-35.96344746,-72.31498687,0,07
-35.43008868,-71.62699551,0,07
-35.43939996,-71.6137176,0,07
-35.42941648,-71.62568457,0,07
-35.42070408,-71.66208868,0,07
-34.97072663,-71.23035324,0,07
-36.13987884,-71.82235444,0,07
-34.9880623,-71.23642317,0,07
-35.96628603,-71.6861526,0,07
-35.42351638,-71.66618285,0,07
-31.63335563,-71.17009087,0,04
-30.60092725,-71.19996828,0,04
-30.60332502,-71.20503604,0,04
-30.60477661,-71.20423601,0,04
-30.6044693,-71.20274059,0,04
-30.60106548,-71.202668,0,04
-30.60165634,-71.1983092,0,04
-30.60074405,-71.20234738,0,04
-30.60039537,-71.20083835,0,04
-30.60023083,-71.20024253,0,04
-31.63066492,-71.16588842,0,04
-31.63307181,-71.16590005,0,04
-31.629203,-71.16021357,0,04
-31.62976004,-71.16108492,0,04
-31.6321303,-71.16626841,0,04
-31.62983245,-71.1624154,0,04
-31.63307181,-71.16590005,0,04
-31.63799318,-71.17514914,0,04
-33.7363791,-70.73697352,0,13
-33.60763079,-70.90034077,0,13
-33.39002257,-70.57859641,0,13
-33.41830604,-70.60341826,0,13
-33.44306737,-70.6492111,0,13
-36.64048179,-71.99007327,0,16
-33.4400857,-70.72404669,0,13
-33.43453408,-70.58201688,0,13
-33.50442516,-70.72221677,0,13
-27.37602316,-70.31614801,0,03
-38.73845829,-72.59305494,0,09
-38.73876401,-72.59992804,0,09
-38.98462459,-72.63972782,0,09
-35.43672896,-71.61156249,0,07
-33.43231889,-70.61824169,0,13
-35.42320888,-71.65301209,0,07
-35.43008868,-71.62699551,0,07
-34.98648865,-71.24359105,0,07
-35.42695342,-71.66432497,0,07
-35.43672896,-71.61156249,0,07
-35.57566851,-71.66285312,0,07
-35.43672896,-71.61156249,0,07
-27.36118271,-70.32893017,0,03
-27.36123088,-70.32805004,0,03
-27.36091091,-70.3291034,0,03
-40.58007087,-73.13490563,0,10
-35.8458707,-71.59322563,0,07
-34.96132987,-71.24179242,0,07
-27.35480857,-70.35028995,0,03
-33.44596003,-70.65683995,0,13
-33.4283319,-70.6197187,0,13
-33.47691551,-70.54443342,0,13
-33.40920807,-70.66028001,0,13
-33.36744359,-70.66994001,0,13
-33.44118335,-70.54293158,0,13
-33.60901481,-70.57468673,0,13
-33.49859856,-70.65376678,0,13
-35.43027766,-71.62534224,0,07
-29.96051926,-71.29072087,0,04
-36.82697053,-73.04134135,0,08
-34.16674651,-70.7393948,0,06
-34.43726664,-71.08340086,0,06
-34.389421,-71.17230907,0,06
-34.29132769,-71.30955215,0,06
-35.4332627,-71.61831636,0,07
-36.1424467,-71.82081949,0,07
-35.42848726,-71.66435606,0,07
-35.42848726,-71.66435606,0,07
-35.43008868,-71.62699551,0,07
-35.8463761,-71.59578662,0,07
-34.98560719,-71.23755911,0,07
-28.57814717,-70.75582874,0,03
-35.84069962,-71.60978309,0,07
-34.58271172,-71.01538631,0,06
-38.3675,-72.16669,0,09
-35.84494842,-71.59636433,0,07
-34.97521352,-71.25858516,0,07
-33.48362292,-70.59904793,0,13
-30.57737549,-71.18870518,0,04
-33.44280113,-70.54280334,1,13
-38.05700226,-73.39912967,1,08
-27.36736001,-70.33193487,0,03
-27.36842319,-70.33477869,0,03
-33.4647652,-70.5895234,1,13
-33.41985534,-70.61649814,0,13
-18.49955724,-70.30910669,1,15
-34.58331011,-70.99367735,0,06
-35.33232046,-72.41668766,0,07
-34.26988074,-70.95193962,0,06
-35.84432262,-71.59978197,0,07
-35.43665517,-71.61126892,0,07
-31.78078613,-70.96621016,0,04
-31.77783464,-70.96607493,0,04
-31.77907169,-70.96685952,0,04
-31.77783464,-70.96607493,0,04
-31.77768586,-70.96687176,0,04
-31.77431635,-70.97034239,0,04
-31.77545222,-70.97438104,0,04
-31.77795977,-70.96751913,0,04
-31.78096715,-70.96263287,0,04
-31.77574949,-70.96824979,0,04
-31.78295612,-70.96138781,0,04
-31.77874521,-70.96836986,0,04
-31.77783464,-70.96607493,0,04
-31.78412504,-70.96128953,0,04
-31.77906092,-70.9672422,0,04
-31.62953275,-71.16545553,0,04
-31.63004451,-71.16443949,0,04
-31.63217739,-71.16418235,0,04
-31.62981746,-71.1624171,0,04
-31.63083879,-71.16566178,0,04
-30.69552162,-70.95997362,0,04
-30.59898292,-71.18339961,0,04
-30.59898292,-71.18339961,0,04
-30.60274881,-71.19364865,0,04
-30.60870593,-71.19776361,0,04
-30.60121753,-71.19855911,0,04
-30.60468012,-71.20158753,0,04
-30.60576377,-71.20379206,0,04
-30.60616398,-71.20481629,0,04
-30.60616398,-71.20481629,0,04
-30.60484508,-71.19816949,0,04
-30.60357865,-71.19855704,0,04
-29.91120822,-71.24856888,0,04
-29.91049531,-71.24261488,0,04
-29.9100902,-71.25032521,0,04
-29.9100902,-71.25032521,0,04
-35.32987666,-72.41117374,0,07
-29.91120822,-71.24856888,0,04
-29.9100902,-71.25032521,0,04
-29.9100902,-71.25032521,0,04
-29.9100902,-71.25032521,0,04
-37.46743663,-72.33198413,0,08
-33.6094261,-70.90434431,0,13
-33.3846217,-70.53274462,0,13
-33.7346882,-70.75814771,0,13
-29.9100902,-71.25032521,0,04
-29.9100902,-71.25032521,0,04
-29.91120822,-71.24856888,0,04
-29.91053567,-71.24726086,0,04
-29.91006252,-71.2486495,0,04
-29.91053567,-71.24726086,0,04
-29.91053567,-71.24726086,0,04
-29.91053567,-71.24726086,0,04
-29.9140965,-71.25485065,0,04
-29.91053567,-71.24726086,0,04
-29.91005507,-71.25123526,0,04
-29.91053567,-71.24726086,0,04
-29.91005507,-71.25123526,0,04
-29.91053567,-71.24726086,0,04
-29.9100438,-71.2483489,0,04
-29.91005507,-71.25123526,0,04
-29.91012538,-71.24813416,0,04
-29.91053567,-71.24726086,0,04
-29.91053567,-71.24726086,0,04
-29.9140965,-71.25485065,0,04
-29.87842066,-71.24303292,0,04
-29.95142516,-71.33760015,0,04
-29.97121787,-71.33769288,0,04
-29.96890175,-71.33890088,0,04
-29.96324215,-71.33625019,0,04
-29.96890175,-71.33890088,0,04
-29.96474728,-71.33585172,0,04
-29.96071497,-71.33822518,0,04
-29.96360032,-71.33591704,0,04
-29.96360032,-71.33591704,0,04
-29.96474728,-71.33585172,0,04
-29.9633635,-71.33637453,0,04
-29.96689859,-71.34090357,0,04
-29.96270587,-71.33666117,0,04
-29.96875662,-71.33903452,0,04
-29.96875662,-71.33903452,0,04
-29.96324215,-71.33625019,0,04
-29.96474728,-71.33585172,0,04
-29.96474728,-71.33585172,0,04
-29.96474728,-71.33585172,0,04
-29.96360032,-71.33591704,0,04
-29.96324215,-71.33625019,0,04
-29.96890175,-71.33890088,0,04
-29.96747155,-71.33971113,0,04
-29.96324215,-71.33625019,0,04
-29.96249155,-71.30491766,0,04
-29.97071594,-71.3378462,0,04
-33.48297915,-70.55728056,0,13
-33.50762163,-70.62965829,0,13
-40.07189176,-72.87180863,0,14
-34.984586,-71.23644094,0,07
-35.33077631,-72.41414074,0,07
-29.91486177,-71.25625749,0,04
-29.91671586,-71.24736452,0,04
-29.91684146,-71.24785262,0,04
-29.91695872,-71.24795242,0,04
-29.92047541,-71.24934662,0,04
-29.92718915,-71.24464478,0,04
-29.93197704,-71.24658,0,04
-29.92067298,-71.25530736,0,04
-29.92067298,-71.25530736,0,04
-29.92067298,-71.25530736,0,04
-29.92067298,-71.25530736,0,04
-29.92067298,-71.25530736,0,04
-29.92067298,-71.25530736,0,04
-29.92067298,-71.25530736,0,04
-29.92067298,-71.25530736,0,04
-29.92529593,-71.25873193,0,04
-29.92529593,-71.25873193,0,04
-29.92529593,-71.25873193,0,04
-29.92630654,-71.25751796,0,04
-29.92801075,-71.25909002,0,04
-29.92801075,-71.25909002,0,04
-29.92839419,-71.25796351,0,04
-29.92839419,-71.25796351,0,04
-29.91954922,-71.24524484,0,04
-29.91974856,-71.24526482,0,04
-29.91974856,-71.24526482,0,04
-29.92353434,-71.24727505,0,04
-29.92353434,-71.24727505,0,04
-29.92418899,-71.24763567,0,04
-29.92418899,-71.24763567,0,04
-29.92418899,-71.24763567,0,04
-29.92781157,-71.24852289,0,04
-29.91611312,-71.24963213,0,04
-29.90288111,-71.24886674,0,04
-29.91607983,-71.24860839,0,04
-29.9255429,-71.25632104,0,04
-29.91541808,-71.25624293,0,04
-29.91826273,-71.24405645,0,04
-29.92737053,-71.25543784,0,04
-31.9113329,-71.5057427,0,04
-31.91361007,-71.50554772,0,04
-31.91470444,-71.50668913,0,04
-31.90561804,-71.50018602,0,04
-31.91513392,-71.51336041,0,04
-31.91336551,-71.50783332,0,04
-31.91534345,-71.51045283,0,04
-31.91480812,-71.51256155,0,04
-31.91480812,-71.51256155,0,04
-31.9148356,-71.51297226,0,04
-31.9138761,-71.5148032,0,04
-30.57737518,-71.18869944,0,04
-30.57737518,-71.18869944,0,04
-30.57737518,-71.18869944,0,04
-30.57737518,-71.18869944,0,04
-30.57737518,-71.18869944,0,04
-30.57737518,-71.18869944,0,04
-30.57737518,-71.18869944,0,04
-30.57737518,-71.18869944,0,04
-30.57315167,-71.18405093,0,04
-36.6009525,-72.0894545,0,04
-30.60385022,-71.20294679,0,04
-30.60402664,-71.20336488,0,04
-30.60430676,-71.20400758,0,04
-30.60412381,-71.20414233,0,04
-30.60648932,-71.20906431,0,04
-30.60041987,-71.20029484,0,04
-30.60305358,-71.19931918,0,04
-30.60424647,-71.19858907,0,04
-30.60000694,-71.19977659,0,04
-30.60000694,-71.19977659,0,04
-30.60210676,-71.20519331,0,04
-30.03716445,-70.71295864,0,04
-30.03686844,-70.71245843,0,04
-30.03684925,-70.71664023,0,04
-30.03491249,-70.71784608,0,04
-30.03408439,-70.71777191,0,04
-30.03311273,-70.7121297,0,04
-30.03370506,-70.70809804,0,04
-30.03386014,-70.71068705,0,04
-35.96705326,-71.68198442,0,07
-40.1247169,-72.7709309,0,14
-40.0689696,-72.6155083,0,14
-33.51806658,-70.55159192,0,13
-33.55010129,-70.67650739,0,13
-40.5453231,-73.7186675,0,10
-32.796304,-70.580138,1,05
-32.8334328,-70.6900075,1,05
-36.60782931,-72.102372,0,16
-23.55635112,-70.39170254,0,02
-27.38245777,-70.31693673,0,03
-27.36737098,-70.33195251,0,03
-33.59210441,-70.70309576,0,13
-33.11902499,-71.57076041,0,05
-33.43927161,-70.60458701,0,13
-33.4090546,-70.55268391,0,13
-33.42349991,-70.64281136,0,13
-33.59834858,-70.69979783,0,13
-33.20092325,-70.6786849,0,13
-33.41280855,-70.6080611,0,13
-33.45538175,-70.63042887,0,13
-27.38203526,-70.31812573,0,03
-33.43321651,-70.61598871,0,13
-40.087675,-71.700596,1,14
-27.37295162,-70.32574698,0,03
-33.60669356,-70.57515706,0,13
-35.36215063,-71.60806328,0,07
-33.44016405,-70.65100023,0,13
-33.44314913,-70.64587866,0,13
-33.58692803,-70.57210997,0,13
-33.4275852,-70.61958722,0,13
-31.63321161,-71.16569517,0,04
-29.91636865,-71.25464726,0,04
-29.96105566,-71.34173443,0,04
-30.60505621,-71.19892956,0,04
-29.96930183,-71.33796166,0,04
-39.64210944,-72.32806538,0,14
-29.88577996,-71.23559549,0,04
-37.23592643,-71.94477565,0,08
-33.475774,-70.734579,0,13
-37.47022,-72.354079,0,08
-40.33172261,-72.9516739,0,14
-29.91214061,-71.25409709,0,04
-30.60156011,-71.20071215,0,04
-29.96630675,-71.34742458,0,04
-29.91326555,-71.25433878,0,04
-29.91326555,-71.25433878,0,04
-29.91332955,-71.2540706,0,04
-29.94926702,-71.28486557,0,04
-29.89254007,-71.25009114,0,04
-29.96166841,-71.26303722,0,04
-29.9166644,-71.21922728,0,04
-29.87778656,-71.24508019,0,04
-29.98173658,-71.34067224,0,04
-29.90755568,-71.25105542,0,04
-29.91214061,-71.25409709,0,04
-29.91169762,-71.25401068,0,04
-30.60381525,-71.20353027,0,04
-29.91777454,-71.24769363,0,04
-29.96324559,-71.33624972,0,04
-29.91825531,-71.25584918,0,04
-29.91358874,-71.25719436,0,04
-29.95905404,-71.29508772,0,04
-29.91432115,-71.25540232,0,04
-29.91425243,-71.25556635,0,04
-29.91421135,-71.25608055,0,04
-29.91359103,-71.25719328,0,04
-29.91356824,-71.25514234,0,04
-29.915564,-71.247468,0,04
-29.915564,-71.247468,0,04
-29.91556398,-71.24746841,0,04
-29.91470967,-71.25397567,0,04
-29.91974694,-71.24526427,0,04
-29.92418899,-71.24763567,0,04
-29.92418899,-71.24763567,0,04
-29.94233744,-71.2662424,0,04
-29.94233744,-71.2662424,0,04
-29.9254375,-71.2528741,0,04
-29.93834943,-71.2622151,0,04
-29.93834943,-71.2622151,0,04
-29.92077663,-71.25543684,0,04
-29.9116111,-71.25585174,0,04
-30.57738027,-71.18870063,0,04
-36.83664867,-73.10414333,0,08
-36.82452313,-73.04323015,0,08
-33.40611155,-70.56027815,0,13
-33.54510319,-70.57074036,0,13
-33.42766859,-70.6467465,0,13
-33.45312136,-70.57335157,0,13
-40.16537,-72.592454,1,14
-29.91645298,-71.25501805,0,04
-29.90914855,-71.24869849,0,04
-29.90856598,-71.25013795,0,04
-29.91242801,-71.25400901,0,04
-29.9146222,-71.25427752,0,04
-29.91414387,-71.25412768,0,04
-29.91540269,-71.25464553,0,04
-29.91596483,-71.25487287,0,04
-29.91825055,-71.25635904,0,04
-29.91880674,-71.25621252,0,04
-29.92009496,-71.25691837,0,04
-29.91818891,-71.25589021,0,04
-29.91818891,-71.25589021,0,04
-29.91280763,-71.25476457,0,04
-29.91273326,-71.25596732,0,04
-29.91237113,-71.25541133,0,04
-29.91278567,-71.25494899,0,04
-29.91632206,-71.25392088,0,04
-29.91610232,-71.25526641,0,04
-29.91600674,-71.25454908,0,04
-29.91604245,-71.25444109,0,04
-29.91604245,-71.25444109,0,04
-29.91294425,-71.25588784,0,04
-29.91166296,-71.25585841,0,04
-29.91166296,-71.25585841,0,04
-29.91166296,-71.25585841,0,04
-29.9120928,-71.25706881,0,04
-29.91199346,-71.25593693,0,04
-29.91356692,-71.25633359,0,04
-29.91465093,-71.25629987,0,04
-29.9120928,-71.25706881,0,04
-29.9120928,-71.25706881,0,04
-29.90542617,-71.26087633,0,04
-29.90541446,-71.26252709,0,04
-29.9017904,-71.26157935,0,04
-29.91356692,-71.25633359,0,04
-30.57737825,-71.18870016,0,04
-29.94308359,-71.25035061,0,04
-29.94401871,-71.24444037,0,04
-29.937377,-71.24949001,0,04
-29.93774293,-71.24967473,0,04
-29.94694569,-71.24668718,0,04
-29.94213431,-71.24085974,0,04
-29.92908784,-71.24484635,0,04
-29.94348527,-71.24274798,0,04
-29.94332418,-71.2425283,0,04
-29.90856598,-71.25013795,0,04
-29.93408436,-71.23882745,0,04
-29.9204866,-71.23507758,0,04
-29.93861739,-71.23999713,0,04
-29.94110331,-71.2406097,0,04
-29.91718038,-71.23769779,0,04
-29.93801125,-71.24012351,0,04
-29.91870817,-71.23670166,0,04
-29.91717461,-71.24421921,0,04
-29.90109329,-71.24855226,0,04
-29.88643119,-71.24196961,0,04
-29.95958683,-71.34058109,0,04
-29.98351099,-71.33775579,0,04
-29.95958683,-71.34058109,0,04
-29.90856482,-71.25013549,0,04
-34.063548,-70.725686,0,06
-33.510053,-70.74561,0,13
-32.88471682,-71.24542842,0,05
-33.5809519,-71.61283189,0,05
-38.72118069,-72.56565733,0,09
-39.28408109,-72.22806273,0,09
-33.73334417,-70.73599878,0,13
-41.1377091,-73.0319756,0,10
-33.36760163,-70.73061094,0,13
-40.1300554,-72.38977516,0,14
-33.4021664,-70.7275645,0,13
-41.51147941,-73.00282256,0,10
-33.45066548,-70.61988158,0,13
-53.16416401,-70.90551583,0,12
-32.95852026,-71.53961603,0,05
-42.37922,-73.65206,1,10
-35.9632909,-72.324946,0,07
-35.1141263,-71.2791207,0,07
-33.44269217,-70.64471179,0,13
-33.36158644,-70.67020802,0,13
-20.25598775,-70.13346699,0,01
-36.6009525,-72.0894545,0,16
-39.83118396,-73.23847424,0,14
-18.47922114,-70.30841669,0,15
-36.74143261,-73.09893062,0,08
-36.0901944,-71.8678889,0,07
-34.16764296,-70.67030895,0,06
-34.39173471,-71.17017251,0,06
-34.40547862,-70.85805742,0,06
-34.58493042,-70.98822939,0,06
-34.63823395,-71.36808452,0,06
-41.4666313,-72.9353061,0,10
-41.3975664,-72.9036817,0,10
-33.5308039,-70.6699595,1,13
-33.4457182,-70.6732719,0,13
-32.78744735,-71.18962188,0,05
-33.4833211,-70.6566904,0,13
-32.84529,-70.68723,0,05
-32.80515,-70.57362,0,05
-33.3926087,-70.57642663,0,13
-33.4596828,-70.7201699,0,13
-33.4614726,-70.5339909,0,13
-33.4447237,-70.656304,0,13
-39.81650526,-73.24242193,0,14
-33.47622164,-70.6517763,0,13
-32.77688448,-71.19186758,0,05
-33.42069279,-70.60844163,0,13
-33.58471394,-70.67505948,0,13
-34.28956274,-71.30640949,0,06
-43.11509,-73.61706,0,10
-36.82724376,-73.04578684,0,08
-39.81770104,-73.23715152,0,14
-33.48658251,-70.65097973,0,13
-33.42433158,-70.6164699,0,13
-34.16584305,-70.7670374,0,06
-33.43879823,-70.64975619,0,13
-33.41225804,-70.57981999,0,13
-23.65579602,-70.40221056,0,02
-35.4170766,-72.3395051,0,07
-33.41225804,-70.57981999,0,13
-33.42069409,-70.6084422,0,13
-33.60736906,-70.68343284,0,13
-37.79479658,-72.70635375,0,09
-38.93343035,-72.03133759,0,09
-34.64129146,-71.3646562,0,06
-38.74750212,-72.95010497,0,09
-18.48146912,-70.31059271,0,15
-32.45048,-71.23798,0,05
-45.56531407,-72.0732602,0,11
-23.6545423,-70.40221806,0,02
-34.17200453,-70.74398685,0,06
-38.2358182,-72.33580933,0,09
-36.89934649,-73.03296788,0,08
-29.9693762,-71.30008782,0,04
-36.60763664,-72.09596356,0,16
-41.47351178,-72.94612704,0,10
-41.77606472,-73.12943446,0,10
-41.4589438,-72.99259026,0,10
-41.25589781,-73.00427496,0,10
-41.44638052,-72.93748706,0,10
-23.65454109,-70.40221823,0,02
-36.78775392,-73.08657492,0,08
-41.12792499,-73.05755984,0,10
-36.92158818,-73.0240691,0,08
-39.88968259,-73.42662291,0,14
-41.44252605,-72.91071944,0,10
-41.39693195,-72.90719549,0,10
-53.15469933,-70.9014183,0,12
-53.1638518,-70.90858884,0,12
-41.46211812,-72.90778564,0,10
-53.29903527,-70.36408461,0,12
-34.16974477,-70.726217,0,06
-33.51709831,-70.60117643,0,13
-30.5997597,-71.2006709,0,04
-33.01034739,-71.54716874,0,05
-33.43892105,-70.56112365,0,13
-33.4391458,-70.63834663,0,13
-34.63545718,-71.35652798,0,06
-36.98034071,-73.16752949,0,08
-41.869753,-73.829547,0,10
-33.66144615,-70.92509716,0,13
-34.97596669,-71.21883403,0,07
-34.98784874,-71.23856402,0,07
-36.84244295,-73.05225902,0,08
-34.98631379,-71.24004258,0,07
-33.28318132,-70.75778113,1,13
-33.44656084,-70.66404059,0,13
-38.73339804,-72.60849857,0,09
-30.60304797,-71.20200547,0,04
-30.60304797,-71.20200547,0,04
-30.60101322,-71.19931948,0,04
-30.60082595,-71.19881781,0,04
-30.60381283,-71.20353222,0,04
-30.60363313,-71.19842752,0,04
-30.60090252,-71.20000145,0,04
-30.59963828,-71.20079017,0,04
-30.60075527,-71.20032284,0,04
-30.60418494,-71.20376526,0,04
-30.60558292,-71.20697205,0,04
-30.60313023,-71.20450771,0,04
-30.60313023,-71.20450771,0,04
-30.60142846,-71.20069871,0,04
-30.60518922,-71.20298012,0,04
-30.60053629,-71.20164171,0,04
-30.60077293,-71.20187567,0,04
-30.6008793,-71.2028149,0,04
-30.60326626,-71.20538846,0,04
-30.60550208,-71.20111102,0,04
-30.60533033,-71.20098281,0,04
-30.60203402,-71.19551008,0,04
-29.90970047,-71.25019503,0,04
-29.90970047,-71.25019503,0,04
-29.90970047,-71.25019503,0,04
-29.9105426,-71.24726226,0,04
-29.92801186,-71.25909806,0,04
-30.60518922,-71.20298012,0,04
-30.60066908,-71.20200423,0,04
-29.93876901,-71.25018753,0,04
-30.60142846,-71.20069871,0,04
-29.91843732,-71.24962623,0,04
-29.91209283,-71.25707397,0,04
-29.95781665,-71.33800667,0,04
-29.93443055,-71.23895537,0,04
-29.96146271,-71.30087876,0,04
-29.96489246,-71.31166572,0,04
-29.96604216,-71.3036627,0,04
-29.9601016,-71.29784099,0,04
-31.63305964,-71.16588628,0,04
-31.63125186,-71.16744509,0,04
-31.6308363,-71.16565944,0,04
-31.63108936,-71.16397991,0,04
-31.78045664,-70.96751392,0,04
-31.77683284,-70.96560212,0,04
-31.77958027,-70.96003191,0,04
-30.83497212,-71.25818361,0,04
-29.92923162,-71.24517248,0,04
-30.59980248,-71.19929479,0,04
-29.95499182,-71.33964776,0,04
-29.96489246,-71.31166572,0,04
-29.91607073,-71.24861053,0,04
-29.95829335,-71.33714069,0,04
-29.95962776,-71.34059938,0,04
-29.96207549,-71.33883078,0,04
-29.96207549,-71.33883078,0,04
-39.81363156,-73.2400457,0,14
